assists,bonus,bps,clean_sheets,creativity,element,expected_assists,expected_goal_involvements,expected_goals,expected_goals_conceded,fixture,goals_conceded,goals_scored,ict_index,influence,kickoff_time,minutes,opponent_team,own_goals,penalties_missed,penalties_saved,red_cards,gameweek,saves,selected,starts,team_a_score,team_h_score,threat,total_points,transfers_balance,transfers_in,transfers_out,value,was_home,yellow_cards,Full_Name,Unique_ID,shots,key_passes,npg,npxG,own_team,opponent_short_name,opponent_attack,opponent_defense,own_short_name,own_attack,own_defense,team_xG_rolling_4,team_deep_rolling_4,team_xGA_rolling_4,team_deep_allowed_rolling_4,team_xG_rolling_16,team_deep_rolling_16,team_xGA_rolling_16,team_deep_allowed_rolling_16,opponent_xG_rolling_4,opponent_deep_rolling_4,opponent_xGA_rolling_4,opponent_deep_allowed_rolling_4,opponent_xG_rolling_16,opponent_deep_rolling_16,opponent_xGA_rolling_16,opponent_deep_allowed_rolling_16,season,position,modified
0,0,0,0,0.0,92,0.0,0.0,0.0,0.0,6,0,0,0.0,0.0,2022-08-07,0,11,0,0,0,0,1,0,2802,0,2,2,0.0,0,0,0,0,45,False,0,Ethan Pinnock,104,0,0,0,0.0,4,LEI,1065,1200,BRE,1160,1200,1.5628854,6.2,1.3366172,6.2,1.5628854,6.2,1.3366172,6.2,0.7929636,5.4,1.6064333999999998,6.2,0.7929636,5.4,1.6064333999999998,6.2,2022,DEF,
0,0,0,0,0.0,92,0.0,0.0,0.0,0.0,13,0,0,0.0,0.0,2022-08-13,0,14,0,0,0,0,2,0,2178,0,0,4,0.0,0,-665,18,683,45,True,0,Ethan Pinnock,104,0,0,0,0.0,4,MUN,1220,1220,BRE,1100,1130,0.931067,3.0,0.455695,5.0,0.931067,3.0,0.455695,5.0,1.42103,7.0,1.7289,5.0,1.42103,7.0,1.7289,5.0,2022,DEF,
0,0,0,0,0.0,92,0.0,0.0,0.0,0.0,24,0,0,0.0,0.0,2022-08-20,0,9,0,0,0,0,3,0,1815,0,2,3,0.0,0,-411,35,446,44,False,0,Ethan Pinnock,104,0,0,0,0.0,4,FUL,1070,1120,BRE,1160,1200,1.1594585,3.0,0.6758665,8.0,1.1594585,3.0,0.6758665,8.0,1.178175,3.0,1.6582425,6.0,1.178175,3.0,1.6582425,6.0,2022,DEF,
0,0,0,0,0.0,92,0.0,0.0,0.0,0.0,33,0,0,0.0,0.0,2022-08-27,0,8,0,0,0,0,4,0,1618,0,1,1,0.0,0,-225,23,248,44,True,0,Ethan Pinnock,104,0,0,0,0.0,4,EVE,1100,1090,BRE,1100,1130,1.3041456666666666,4.666666666666667,1.4170243333333332,7.666666666666667,1.3041456666666666,4.666666666666667,1.4170243333333332,7.666666666666667,1.1170443333333333,5.0,1.8361416666666663,7.0,1.1170443333333333,5.0,1.8361416666666663,7.0,2022,DEF,
0,0,0,0,0.0,92,0.0,0.0,0.0,0.0,43,0,0,0.0,0.0,2022-08-30,0,7,0,0,0,0,5,0,1498,0,1,1,0.0,0,-127,13,140,44,False,0,Ethan Pinnock,104,0,0,0,0.0,4,CRY,1110,1060,BRE,1160,1200,1.54908675,5.75,1.47643075,7.5,1.54908675,5.75,1.47643075,7.5,1.463599,4.75,1.7152745,13.5,1.463599,4.75,1.7152745,13.5,2022,DEF,
0,0,0,0,0.0,92,0.0,0.0,0.0,0.0,52,0,0,0.0,0.0,2022-09-03,0,24,0,0,0,0,6,0,1384,0,2,5,0.0,0,-119,17,136,44,True,0,Ethan Pinnock,104,0,0,0,0.0,4,LEE,1075,1120,BRE,1100,1130,1.72084,7.0,1.55684775,6.5,1.5628854,6.2,1.3366172,6.2,1.600225,6.0,1.2208255,5.0,1.458014,5.8,1.1968984,5.8,2022,DEF,
0,0,0,0,0.0,92,0.0,0.0,0.0,0.0,72,0,0,0.0,0.0,2022-09-18,0,1,0,0,0,0,8,0,1296,0,3,0,0.0,0,-34,11,45,44,True,0,Ethan Pinnock,104,0,0,0,0.0,4,ARS,1250,1320,BRE,1100,1130,2.0610025,7.5,1.78183825,6.0,1.7604878333333334,6.0,1.413181,6.666666666666667,2.1017925,14.75,0.8658875000000001,2.5,2.142313333333333,13.666666666666666,0.8934331666666667,3.8333333333333335,2022,DEF,
0,0,0,0,0.0,92,0.0,0.0,0.0,0.0,82,0,0,0.0,0.0,2022-10-01,0,3,0,0,0,0,9,0,1263,0,0,0,0.0,0,-39,24,63,44,False,0,Ethan Pinnock,104,0,0,0,0.0,4,BOU,1020,1050,BRE,1160,1200,1.7976500000000002,6.25,1.38705575,6.5,1.586148142857143,5.571428571428571,1.3998994285714286,7.0,0.60625375,6.5,2.317335,14.0,0.4783767142857143,4.285714285714286,1.879955,12.285714285714286,2022,DEF,
0,0,3,0,0.2,92,0.0,0.0,0.0,1.53,98,5,0,0.9,6.8,2022-10-08,90,15,1,0,0,0,10,0,1358,1,1,5,2.0,-2,61,113,52,44,False,0,Ethan Pinnock,104,0,0,0,0.0,4,NEW,1250,1165,BRE,1160,1200,1.4881725,6.25,1.16292525,6.25,1.518629625,6.0,1.319678,6.875,2.4424565,11.75,1.0856085,6.75,1.99489975,11.875,1.374113625,7.0,2022,DEF,
0,1,25,1,1.9,92,0.0,0.27,0.0,1.95,102,0,0,2.5,19.2,2022-10-14,90,5,0,0,0,0,11,0,1750,1,0,2,4.0,7,242,324,82,44,True,0,Ethan Pinnock,104,0,0,0,0.0,4,BHA,1150,1200,BRE,1100,1130,1.3673175,5.25,1.580162,8.25,1.4759663333333333,5.777777777777778,1.4448593333333335,7.111111111111111,1.93766375,9.0,1.26489025,7.5,1.815526875,8.0,1.072739625,6.25,2022,DEF,
0,0,27,1,0.8,92,0.0,0.02,0.0,0.86,113,0,0,3.2,27.2,2022-10-19,90,6,0,0,0,0,12,0,3034,1,0,0,4.0,6,853,1065,212,44,True,0,Ethan Pinnock,104,0,0,0,0.0,4,CHE,1220,1220,BRE,1100,1130,1.1567825,6.0,1.670332,9.5,1.5190057,6.0,1.5160414000000002,7.8,1.40743575,8.0,1.3308347500000002,3.25,1.4820772222222225,7.555555555555555,1.4514668888888889,3.555555555555556,2022,DEF,
0,0,11,0,0.4,92,0.0,0.11,0.0791743025183677,2.9,121,4,0,3.8,17.8,2022-10-23,90,2,0,0,0,0,13,0,3954,1,0,4,20.0,0,1169,1638,469,44,False,0,Ethan Pinnock,104,1,0,0,0.0791743025183677,4,AVL,1070,1070,BRE,1160,1200,1.384825,7.0,1.4796307500000003,10.75,1.5129397272727274,6.090909090909091,1.4288926363636365,8.363636363636363,1.427636,7.25,1.1621005,4.75,1.081362909090909,6.454545454545454,1.3452012727272729,6.2727272727272725,2022,DEF,
0,0,13,0,20.3,92,0.0945651978254318,0.03,0.0,0.61,133,1,0,4.0,19.8,2022-10-29,90,20,0,0,0,0,14,0,6409,1,1,1,0.0,2,2155,2754,599,44,True,0,Ethan Pinnock,104,0,2,0,0.0,4,WOL,1100,1080,BRE,1100,1130,1.37448,5.5,2.1541412500000003,11.5,1.47057975,5.833333333333333,1.5978324166666669,8.416666666666666,1.111954,7.0,1.48094375,6.75,0.9885680833333332,6.916666666666667,1.2778941666666668,7.166666666666667,2022,DEF,
0,0,16,0,0.1,92,0.0,0.02,0.0161240994930267,1.48,146,2,0,3.2,27.4,2022-11-05,90,16,0,0,0,0,15,0,6561,1,2,2,4.0,1,80,1621,1541,44,False,0,Ethan Pinnock,104,1,0,0,0.0161240994930267,4,NFO,1065,1030,BRE,1160,1200,1.4139575,6.0,1.6819650000000002,9.75,1.4568866923076924,5.846153846153846,1.5178149230769231,7.923076923076923,1.0375925,3.0,2.1325175,13.5,0.9995943846153847,3.3076923076923075,1.8733413846153848,10.76923076923077,2022,DEF,
0,0,14,0,0.1,92,0.0,0.0,0.0,1.61,155,1,0,4.1,34.6,2022-11-12,90,13,0,0,0,0,16,0,4909,1,2,1,6.0,2,-1684,435,2119,44,False,0,Ethan Pinnock,104,0,0,0,0.0,4,MCI,1340,1360,BRE,1160,1200,1.2424675,5.5,1.467035,8.75,1.4399947857142856,5.857142857142857,1.5020395714285717,8.071428571428571,1.4677575,14.0,1.01632775,3.5,2.2413684615384613,12.846153846153848,0.7595967692307692,2.923076923076923,2022,DEF,
0,0,16,0,0.5,92,0.0,0.08,0.0400520004332065,1.07,163,2,0,4.8,28.8,2022-12-26,90,18,0,0,0,0,17,0,5449,1,2,2,19.0,1,301,2204,1903,44,True,0,Ethan Pinnock,104,1,0,0,0.0400520004332065,4,TOT,1210,1230,BRE,1100,1130,1.7019275,5.25,1.7289337500000004,11.75,1.5633364666666667,5.866666666666666,1.5089036,9.266666666666667,2.0393875,7.0,1.29993075,6.75,1.7391534666666668,7.133333333333334,1.2043640666666666,7.6,2022,DEF,
0,1,30,1,20.3,92,0.2616879940032959,0.32,0.0934462994337081,1.24,179,0,0,6.6,36.6,2022-12-30,90,19,0,0,0,0,18,0,5913,1,2,0,9.0,7,356,858,502,44,False,0,Ethan Pinnock,104,1,2,0,0.0934462994337081,4,WHU,1145,1060,BRE,1160,1200,2.01393,6.25,1.085838,10.75,1.6064173125,5.9375,1.4698338125,9.0,0.7350374999999998,3.25,1.5696949999999998,8.5,1.28878325,4.1875,1.2136650625,6.0625,2022,DEF,
0,0,13,0,0.3,92,0.0,0.66,1.2735400199890137,2.03,183,1,0,11.5,46.8,2023-01-02,90,12,0,0,0,0,19,0,7754,1,1,3,68.0,2,1543,2199,656,44,True,0,Ethan Pinnock,104,2,0,0,1.2735400199890137,4,LIV,1250,1300,BRE,1100,1130,2.0693775,6.5,1.23138425,11.5,1.6428731250000002,6.1875,1.51258975,9.0,2.4353075000000004,7.75,1.451623,5.25,2.1944963125,11.1875,1.60318325,6.5625,2022,DEF,
0,0,25,1,0.4,92,0.0,0.0,0.0,0.47,192,0,0,2.8,21.8,2023-01-14,90,3,0,0,0,0,20,0,14568,1,0,2,6.0,6,6204,8171,1967,44,True,0,Ethan Pinnock,104,0,0,0,0.0,4,BOU,1110,1080,BRE,1100,1130,2.2890525,5.0,1.4332967500000002,13.75,1.68732625,6.0,1.5881255,9.5,1.11858275,5.5,1.8522515,8.75,0.9143985625,5.375,1.86685225,9.6875,2022,DEF,
0,0,22,1,0.0,92,0.0,0.0,0.0,0.5,205,0,0,2.0,17.8,2023-01-22,90,24,0,0,0,0,21,0,19985,1,0,0,2.0,6,5399,7105,1706,44,False,0,Ethan Pinnock,104,0,0,0,0.0,4,LEE,1070,1130,BRE,1160,1200,1.79106,4.25,1.0993675,7.75,1.668865625,5.6875,1.4237469375000005,9.1875,1.210375,4.75,2.4723475,7.5,1.446366625,6.25,1.853621125,6.625,2022,DEF,
0,0,25,1,0.7,92,0.0,0.01,0.0,0.63,212,0,0,2.2,17.6,2023-02-04,90,17,0,0,0,0,22,0,28280,1,0,3,4.0,6,7714,10455,2741,44,True,0,Ethan Pinnock,104,0,0,0,0.0,4,SOU,1070,1080,BRE,1100,1130,1.2706875,3.75,0.9721047500000002,8.25,1.5368175,5.4375,1.3437523125000002,9.1875,0.7711612500000001,4.5,1.26563,5.5,1.0344079375000002,5.625,1.5012045,7.125,2022,DEF,
0,0,13,0,0.3,92,0.0,0.12,0.0611107982695102,1.68,221,1,0,3.0,20.6,2023-02-11,90,1,0,0,0,0,23,0,28994,1,1,1,9.0,2,31,3936,3905,44,False,0,Ethan Pinnock,104,1,0,0,0.0611107982695102,4,ARS,1250,1240,BRE,1160,1200,1.483965,5.0,0.8482535000000001,8.25,1.5836543749999998,5.6875,1.3354411875,9.4375,1.65144725,10.75,1.25849975,4.25,2.03920475,10.9375,0.99959825,4.375,2022,DEF,
0,0,16,0,1.1,92,0.0,0.01,0.0,1.11,232,1,0,2.8,21.0,2023-02-18,90,7,0,0,0,0,24,0,32222,1,1,1,6.0,2,2967,5059,2092,44,True,0,Ethan Pinnock,104,0,0,0,0.0,4,CRY,1110,1090,BRE,1100,1130,1.503035,8.75,0.6639460000000001,8.75,1.547834375,6.3125,1.3086524375000002,10.1875,0.763643,3.0,1.8895925,11.0,0.91241325,4.5,1.4889075625,9.0,2022,DEF,
0,0,22,0,0.5,92,0.0,0.1,0.0726640000939369,1.42,253,2,1,7.6,54.8,2023-03-06,90,9,0,0,0,0,26,0,75074,1,2,3,21.0,7,48125,73205,25080,44,True,0,Ethan Pinnock,104,1,0,1,0.0726640000939369,4,FUL,1065,1140,BRE,1100,1130,1.3310237500000002,11.0,0.8771302500000001,9.0,1.5522090625,6.875,1.2962655625,9.8125,0.831932,4.25,1.45309525,6.75,1.434028125,5.5625,1.5628605,6.0625,2022,DEF,
0,0,11,0,15.3,92,0.0546394996345043,0.79,0.511247992515564,1.03,263,1,0,4.3,18.0,2023-03-11,90,8,0,0,0,0,27,0,145231,1,0,1,10.0,2,68277,74047,5770,44,False,0,Ethan Pinnock,104,1,1,0,0.511247992515564,4,EVE,1070,1040,BRE,1160,1200,1.89913375,11.5,1.2022737500000005,8.0,1.6395578125,6.75,1.3535894375,9.625,1.5979925,8.25,1.6316739999999996,7.25,1.134666975,5.5625,1.7071134375,7.6875,2022,DEF,
0,0,22,1,0.3,92,0.0,0.03,0.0,0.51,69,0,0,2.1,19.0,2023-03-15,90,17,0,0,0,0,27,0,145231,1,2,0,2.0,6,68277,74047,5770,44,False,0,Ethan Pinnock,104,0,0,0,0.0,4,SOU,1070,1060,BRE,1160,1200,1.79498625,10.25,1.4701750000000002,6.75,1.6905715625,6.9375,1.3079444375,9.0625,0.8836275000000001,2.5,1.22967475,10.25,1.0361670625,5.0625,1.34562075,7.75,2022,DEF,
0,0,15,0,1.1,92,0.0,0.01,0.0,1.35,273,1,0,3.2,26.4,2023-03-18,90,11,0,0,0,0,28,0,143615,1,1,1,4.0,2,-143,12728,12871,44,True,0,Ethan Pinnock,104,0,0,0,0.0,4,LEI,1110,1120,BRE,1100,1130,1.66761875,7.5,1.21807425,3.0,1.6755434375,6.6875,1.195588,8.5625,1.362256575,6.75,1.95169725,7.25,1.2724856437499998,5.1875,1.5533835625,8.0625,2022,DEF,
0,0,28,0,0.0,92,0.0,0.51,0.5777469873428345,4.45,283,3,1,10.6,73.0,2023-04-01,90,5,0,0,0,0,29,0,134425,1,3,3,33.0,7,-8495,5322,13817,44,False,0,Ethan Pinnock,104,1,0,1,0.5777469873428345,4,BHA,1140,1200,BRE,1160,1200,1.6342092499999998,6.25,1.29290175,3.5,1.614555125,6.6875,1.2495833125000002,8.0,2.07907175,8.5,0.5713792500000001,4.75,1.922127125,9.6875,1.1529354375,4.875,2022,DEF,
0,0,24,0,4.4,92,0.0,0.05,0.0,1.1,247,1,0,4.4,39.2,2023-04-05,90,14,0,0,0,0,29,0,134425,1,0,1,0.0,2,-8495,5322,13817,44,False,0,Ethan Pinnock,104,0,0,0,0.0,4,MUN,1140,1165,BRE,1160,1200,1.34301425,5.5,1.82894925,5.5,1.631691375,6.75,1.2722914374999998,8.125,1.5823025,7.0,2.337905,9.0,1.7847059374999998,9.1875,1.390981875,6.1875,2022,DEF,
0,0,16,0,10.3,92,0.0713094025850296,0.13,0.0,1.18,292,2,0,3.9,24.4,2023-04-08,90,15,0,0,0,0,30,0,138193,1,2,1,4.0,1,2467,7839,5372,44,True,0,Ethan Pinnock,104,0,1,0,0.0,4,NEW,1300,1220,BRE,1100,1130,1.01654175,4.25,1.6860767500000002,8.5,1.591217625,6.5,1.308972375,8.75,2.7820175,12.25,0.60235675,3.5,1.993822,8.9375,0.8839498750000001,4.625,2022,DEF,
0,0,15,0,0.8,92,0.0,0.12,0.0,0.73,310,2,0,2.7,21.8,2023-04-15,90,20,0,0,0,0,31,0,139665,1,0,2,4.0,1,1281,6634,5353,44,False,0,Ethan Pinnock,104,0,0,0,0.0,4,WOL,1100,1060,BRE,1160,1200,1.11636675,4.5,1.852175,9.25,1.64401825,6.4375,1.291873,8.6875,1.11459175,5.5,1.509972,8.5,0.9621186875,4.75,1.6072635000000002,7.75,2022,DEF,
0,0,13,0,20.9,92,0.1370084136724472,0.08,0.0,1.91,313,1,0,4.7,21.6,2023-04-22,90,2,0,0,0,0,32,0,118183,1,1,1,4.0,2,-1446,3959,5405,44,True,0,Ethan Pinnock,104,0,2,0,0.0,4,AVL,1075,1130,BRE,1100,1130,1.375575,3.75,1.7316225,8.75,1.532967,6.3125,1.2502555,7.25,1.2781459999999998,8.25,0.92734375,7.0,1.3981961875,7.625,1.5663415625,5.75,2022,DEF,
0,0,24,1,0.3,92,0.0,0.14,0.130151480436325,1.24,328,0,0,2.7,19.2,2023-04-26,90,6,0,0,0,0,33,0,126899,1,2,0,7.0,6,-11732,1736,13468,44,False,0,Ethan Pinnock,104,1,0,0,0.130151480436325,4,CHE,1190,1140,BRE,1160,1200,1.56378,4.5,1.1932525,7.0,1.519153875,6.3125,1.2991450625,7.1875,1.4619719999999998,12.75,1.0225585,6.0,1.47160625,8.6875,1.087657875,5.375,2022,DEF,
0,0,11,0,2.2,92,0.0,0.11,0.0801418274641037,0.75,333,1,0,3.9,17.4,2023-04-29,90,16,0,0,0,0,34,0,114049,1,1,2,19.0,2,-6686,7037,13723,44,True,0,Ethan Pinnock,104,1,0,0,0.0801418274641037,4,NFO,1100,1105,BRE,1100,1130,1.5763685,4.75,1.2099375,6.5,1.467965375,6.0625,1.3036106875000002,7.5,1.112117,5.0,2.605685,12.75,1.0116185,4.3125,1.943839375,10.25,2022,DEF,
0,0,13,0,0.4,92,0.0,0.0,0.0,2.08,344,1,0,1.6,15.6,2023-05-06,90,12,0,0,0,0,35,0,109886,1,0,1,0.0,2,-10687,1607,12294,44,False,0,Ethan Pinnock,104,0,0,0,0.0,4,LIV,1180,1260,BRE,1160,1200,1.3902135,4.75,1.1890182500000002,5.0,1.4193085,6.375,1.230803375,6.5,2.2836950000000003,10.0,0.9633522499999998,4.25,2.09888175,10.0,1.381386125,4.9375,2022,DEF,
0,1,30,1,0.7,92,0.0,0.0,0.0,0.22,353,0,0,2.5,22.0,2023-05-14,90,19,0,0,0,0,36,0,105157,1,0,2,2.0,7,-4881,2143,7024,44,True,0,Ethan Pinnock,104,0,0,0,0.0,4,WHU,1150,1110,BRE,1100,1130,1.0578615,4.5,1.4522382500000002,7.5,1.349667375,6.375,1.3384731875,7.1875,1.29505575,2.25,2.054165,13.75,1.4855738125,4.125,1.5758482500000002,9.125,2022,DEF,
0,0,13,0,0.3,92,0.0,0.0,0.0,1.89,368,1,0,2.2,15.4,2023-05-20,90,18,0,0,0,0,37,0,101393,1,3,1,6.0,2,-3037,5872,8909,44,False,0,Ethan Pinnock,104,0,0,0,0.0,4,TOT,1140,1170,BRE,1160,1200,1.656384,4.5,1.08656125,7.0,1.6155780000000002,6.5,1.3277591875,6.875,1.54084,3.0,1.62518225,8.25,1.3814405,5.5,1.41305325,7.125,2022,DEF,
0,3,49,1,0.0,92,0.0,0.12,0.6505057215690613,0.64,373,0,1,0.0,0.0,2023-05-28,90,13,0,0,0,0,38,0,99607,1,0,1,0.0,15,-2147,2602,4749,44,True,0,Ethan Pinnock,104,3,0,1,0.6505057215690613,4,MCI,1340,1380,BRE,1100,1130,1.770908,5.0,1.18791875,5.25,1.539701125,6.0625,1.388527,6.75,1.75335,11.0,1.1495585,3.5,2.31042625,10.9375,0.8370656875,3.75,2022,DEF,
0,0,14,0,0.5,112,0.0,0.0,0.0,1.26,8,2,0,2.5,24.4,2023-08-13,90,18,0,0,0,0,1,0,176746,1,2,2,0.0,1,0,0,0,45,True,0,Ethan Pinnock,104,0,0,0,0.0,4,TOT,1150,1310,BRE,1110,1090,1.800493,6.75,1.249618,7.25,1.493673,5.875,1.377221375,6.125,1.49788,3.75,1.11287225,6.25,1.4585864375,5.375,1.4429165625000002,7.0625,2023,DEF,
0,1,32,1,20.7,112,0.3986194133758545,0.26,0.0645418614149093,0.46,13,0,0,5.8,26.8,2023-08-19,90,9,0,0,0,0,2,0,179607,1,3,0,10.0,7,-3382,6001,9383,45,False,0,Ethan Pinnock,104,1,2,0,0.0645418614149093,4,FUL,1050,1060,BRE,1055,1150,2.23141,8.75,1.1149080000000002,5.75,1.5747639375,5.8125,1.397917625,6.375,1.6722875,9.25,1.79879225,7.75,1.096373875,5.75,1.9653534375,8.0625,2023,DEF,
0,0,13,0,1.3,112,0.0,0.2,0.1364727467298507,0.8,23,1,0,3.1,20.0,2023-08-26,90,7,0,0,0,0,3,0,208615,1,1,1,10.0,2,21400,31558,10158,45,True,0,Ethan Pinnock,104,1,0,0,0.1364727467298507,4,CRY,1120,1085,BRE,1110,1090,1.9922025,10.25,1.16405475,7.25,1.6388451875,6.1875,1.3182044375000002,6.6875,1.5152575,10.0,1.25506575,5.5,1.2379211875,7.25,1.0678204375,5.4375,2023,DEF,
0,0,12,0,0.7,112,0.0,0.25,0.4199384450912475,2.02,32,2,0,2.8,20.8,2023-09-02,90,3,0,0,0,0,4,0,213623,1,2,2,6.0,1,1964,15066,13102,45,True,0,Ethan Pinnock,104,1,0,0,0.4199384450912475,4,BOU,1130,1075,BRE,1110,1090,1.94084525,10.25,1.02503975,7.75,1.576165875,6.0625,1.2772431875,7.0,0.9531540000000002,6.75,2.03209,10.75,1.225843875,6.5625,1.826038,9.9375,2023,DEF,
0,0,13,0,10.5,112,0.075975015759468,0.0,0.0,1.43,46,1,0,3.9,24.2,2023-09-16,90,15,0,0,0,0,5,0,198695,1,0,1,4.0,2,-15468,5728,21196,45,False,0,Ethan Pinnock,104,0,1,0,0.0,4,NEW,1050,1160,BRE,1055,1150,2.3490752500000003,11.0,1.25594975,6.25,1.664037125,6.75,1.38669025,6.9375,1.776091,6.5,1.22249525,7.25,2.3059881250000003,9.3125,1.1625538875,6.125,2023,DEF,
0,0,13,0,0.6,112,0.0,0.22,0.6051620841026306,1.84,52,3,0,3.3,22.4,2023-09-23,90,8,0,0,0,0,6,0,215918,1,3,1,10.0,1,13704,25440,11736,45,True,0,Ethan Pinnock,104,1,0,0,0.6051620841026306,4,EVE,1125,1080,BRE,1110,1090,2.03060475,9.25,1.26797475,6.5,1.6738628125,6.5625,1.391685875,7.125,1.4103162500000004,3.75,1.7558112499999998,8.0,1.6323551875000002,5.0625,1.922729125,8.5,2023,DEF,
0,0,14,0,2.9,112,0.0,0.08,0.0873609036207199,0.47,67,1,0,4.5,18.6,2023-10-01,90,16,0,0,0,0,7,0,193680,1,1,1,23.0,2,-20571,3557,24128,45,False,0,Ethan Pinnock,104,2,0,0,0.0873609036207199,4,NFO,1050,1080,BRE,1055,1150,1.55688975,7.5,1.7967425,7.0,1.6923140625,6.6875,1.31015275,7.0625,0.8864395,5.75,1.86498525,9.75,1.0839575,4.75,1.802350625,10.25,2023,DEF,
0,0,21,0,0.1,112,0.0,0.0,0.0,1.43,78,2,0,5.4,51.6,2023-10-07,90,14,0,0,0,0,8,0,172976,1,1,2,2.0,1,-20939,2411,23350,45,False,0,Ethan Pinnock,104,0,0,0,0.0,4,MUN,1130,1120,BRE,1055,1150,1.7595420000000002,9.0,1.73166925,6.25,1.7619159375,7.25,1.2886413125,6.4375,1.02010325,8.5,1.493601,6.0,2.0711083125,12.3125,1.47322675,6.5625,2023,DEF,
0,1,27,1,1.7,112,0.0,0.01,0.0,1.14,83,0,0,1.7,11.4,2023-10-21,90,21,0,0,0,0,9,0,155078,1,0,3,4.0,7,-19219,5481,24700,45,True,0,Ethan Pinnock,104,0,0,0,0.0,4,BUR,1050,1050,BRE,1110,1090,1.247852,5.75,1.52752675,9.25,1.6969084375,7.0625,1.3055281875,6.9375,0.90353525,5.25,1.85791825,7.5,0.878683625,5.125,1.971621,9.125,2023,DEF,
0,3,45,1,0.6,112,0.0,0.26,0.6137951612472534,2.03,95,0,1,9.2,56.0,2023-10-28,90,6,0,0,0,0,10,0,153263,1,2,0,35.0,15,-3020,7897,10917,45,False,0,Ethan Pinnock,104,1,0,1,0.6137951612472534,4,CHE,1080,1170,BRE,1055,1150,1.878645,8.5,1.325494,8.0,1.7996303125,7.75,1.2901537500000002,6.9375,1.7189525,8.5,1.0096812500000003,5.25,1.6960270625,11.375,1.5189581250000002,6.875,2023,DEF,
0,0,12,0,0.8,112,0.0,0.01,0.0,2.09,101,2,0,1.7,14.2,2023-11-04,90,19,0,0,0,0,11,0,271663,1,2,3,2.0,1,107054,114289,7235,45,True,0,Ethan Pinnock,104,0,0,0,0.0,4,WHU,1140,1150,BRE,1110,1090,2.1054825,8.5,1.126254,9.5,1.8277396875,7.6875,1.2934031250000002,7.6875,1.35176875,6.75,1.4914725000000002,5.75,1.44435975,5.3125,2.14930925,10.5,2023,DEF,
0,0,15,0,0.3,112,0.0,0.35,0.5899618864059448,1.53,117,3,0,6.4,22.2,2023-11-12,90,12,0,0,0,0,12,0,328284,1,0,3,41.0,1,56633,78788,22155,45,False,0,Ethan Pinnock,104,2,0,0,0.5899618864059448,4,LIV,1210,1270,BRE,1055,1150,2.1231875,8.0,1.36493725,10.5,1.8986206875,8.0625,1.32739125,7.4375,2.634875,13.25,1.077189125,3.25,2.3207855625,12.0,1.14939909375,5.25,2023,DEF,
0,0,15,0,0.5,112,0.0,0.01,0.0,1.52,121,1,0,3.1,30.8,2023-11-25,90,1,0,0,0,0,13,0,356237,1,1,0,0.0,2,26349,43244,16895,46,True,0,Ethan Pinnock,104,0,0,0,0.0,4,ARS,1370,1360,BRE,1110,1090,2.2293000000000003,9.5,1.43155725,9.0,1.9066800625,8.25,1.3661629375,7.9375,1.81507075,8.75,0.7994478500000002,3.75,1.8012391874999998,10.0625,1.00993415,5.5,2023,DEF,
0,0,18,0,2.6,112,0.0,0.07,0.0460117645561695,0.23,133,1,0,3.0,22.2,2023-12-02,90,22,0,0,0,0,14,0,475375,1,1,3,5.0,2,110304,122049,11745,46,True,0,Ethan Pinnock,104,1,0,0,0.0460117645561695,4,LUT,1060,1120,BRE,1110,1090,1.855875,6.75,1.7150225,9.25,1.9991336875,8.3125,1.3558498125,7.375,0.79965875,2.75,2.673075,12.25,1.281174153846154,5.0,2.496016153846154,10.307692307692308,2023,DEF,
0,0,19,0,0.8,112,0.0,0.09,0.1095509976148605,1.52,142,2,0,2.9,22.0,2023-12-06,90,5,0,0,0,0,15,0,455967,1,1,2,6.0,1,-13691,13937,27628,46,False,0,Ethan Pinnock,104,1,0,0,0.1095509976148605,4,BHA,1070,1135,BRE,1055,1150,2.0504125,6.25,1.342314,6.0,1.9262468125,8.125,1.3573413125,7.4375,0.90036925,9.25,1.3378842500000003,8.25,1.718478125,9.25,1.65711875,8.1875,2023,DEF,
0,0,17,0,0.9,112,0.0,0.06,0.0669861584901809,0.89,158,1,0,2.6,19.4,2023-12-09,90,23,0,0,0,0,16,0,479806,1,0,1,6.0,2,19411,36753,17342,46,False,0,Ethan Pinnock,104,1,0,0,0.0669861584901809,4,SHU,1045,1020,BRE,1055,1150,1.89807,4.5,1.288799,9.25,1.9304111875,7.9375,1.3526113125,8.4375,0.7782175,6.25,2.1579025,9.5,0.7665494933333333,4.266666666666667,2.4828086666666667,10.333333333333334,2023,DEF,
0,0,11,0,0.1,112,0.0,0.0,0.0,1.42,163,2,0,1.8,17.6,2023-12-17,90,2,0,0,0,0,17,0,440177,1,2,1,0.0,1,-34494,6694,41188,46,True,0,Ethan Pinnock,104,0,0,0,0.0,4,AVL,1220,1350,BRE,1110,1090,1.6968445,4.25,1.109283,8.0,1.8807679375,7.625,1.3310791875,8.125,1.52833975,5.0,1.87336,11.5,1.942391375,9.375,1.5035956875,7.25,2023,DEF,
0,0,13,0,12.1,112,0.1088247075676918,0.35,0.0619129538536071,2.1,183,4,0,3.6,12.2,2023-12-27,90,20,0,0,0,0,19,0,415475,1,4,1,12.0,0,12158,24327,12169,46,True,0,Ethan Pinnock,104,1,1,0,0.0619129538536071,4,WOL,1105,1100,BRE,1110,1090,1.48026,4.25,1.0191355,10.25,1.8113461875,7.1875,1.3319066875,8.5,1.1108289999999998,5.75,1.1980755,7.5,1.2253275625,5.4375,1.7219373125,9.1875,2023,DEF,
0,0,12,0,0.3,112,0.0,0.0,0.0,1.08,192,3,0,2.1,20.6,2023-12-30,90,7,0,0,0,0,20,0,396562,1,1,3,0.0,1,-18617,9110,27727,46,False,0,Ethan Pinnock,104,0,0,0,0.0,4,CRY,1080,1060,BRE,1055,1150,1.3137474999999998,7.0,1.436049,11.25,1.7566330625,7.3125,1.425339875,8.4375,1.51336425,5.75,1.96346,10.5,1.3194084375,5.875,1.66133275,9.6875,2023,DEF,
0,0,11,0,0.6,112,0.0,0.06,0.0,1.09,203,2,0,2.1,18.0,2024-01-20,90,16,0,0,0,0,21,0,362279,1,2,3,2.0,1,-35244,13478,48722,46,True,0,Ethan Pinnock,104,0,0,0,0.0,4,NFO,1125,1080,BRE,1110,1090,1.3305575,8.0,1.453444,9.75,1.77783925,7.375,1.459712375,8.9375,1.587311,5.75,1.73525375,11.0,1.254565625,5.625,1.5864098125,9.1875,2023,DEF,
0,0,13,0,0.8,112,0.0,0.11,0.0834836736321449,2.86,216,3,0,3.6,27.4,2024-01-31,90,18,0,0,0,0,22,0,339014,1,2,3,8.0,1,-24327,3039,27366,46,False,0,Ethan Pinnock,104,1,0,0,0.0834836736321449,4,TOT,1110,1230,BRE,1055,1150,1.6549455,7.25,1.5485775,10.5,1.7072355,6.6875,1.404236125,9.1875,1.7768325,13.5,2.08409825,9.25,1.7613864375,12.3125,1.8931670625,6.9375,2023,DEF,
0,0,12,0,0.3,112,0.0,0.01,0.0,2.15,223,3,0,2.6,25.2,2024-02-05,90,13,0,0,0,0,23,0,322599,1,3,1,0.0,1,-16876,2345,19221,46,True,0,Ethan Pinnock,104,0,0,0,0.0,4,MCI,1360,1370,BRE,1110,1090,1.854835,9.5,2.0224625,11.0,1.76740375,7.25,1.520528625,9.625,2.231895,13.0,1.05650525,3.5,2.097681875,11.6875,1.0962439375000002,4.6875,2023,DEF,
0,0,24,1,0.7,112,0.0,0.05,0.0256630238145589,1.13,240,0,0,2.2,17.0,2024-02-10,90,20,0,0,0,0,24,0,315116,1,2,0,4.0,6,-7965,11261,19226,46,False,0,Ethan Pinnock,104,1,0,0,0.0256630238145589,4,WOL,1085,1115,BRE,1055,1150,1.42290275,6.5,2.0757175,12.25,1.7231363125,7.0625,1.495083625,9.75,2.137995,7.25,1.86909775,10.25,1.5959286875,6.25,1.709051125,8.6875,2023,DEF,
0,0,0,0,0.0,112,0.0,0.0,0.0,0.0,241,0,0,0.0,0.0,2024-02-17,0,12,0,0,0,0,25,0,348234,0,4,1,0.0,0,14656,31561,16905,46,True,0,Ethan Pinnock,104,0,0,0,0.0,4,LIV,1350,1390,BRE,1110,1090,1.56334525,5.75,1.9375275,10.75,1.7287900625,6.5625,1.5111769375,10.0625,2.221383,10.5,1.31909675,6.75,2.2782100625,12.25,1.1314084062499998,5.3125,2023,DEF,
0,0,0,0,0.0,112,0.0,0.0,0.0,0.0,176,0,0,0.0,0.0,2024-02-20,0,13,0,0,0,0,25,0,348234,0,0,1,0.0,0,14656,31561,16905,46,False,0,Ethan Pinnock,104,0,0,0,0.0,4,MCI,1350,1360,BRE,1055,1150,1.50159275,7.25,2.40428,11.25,1.7706706875,7.0625,1.6234244375,9.6875,2.0805625,14.25,1.09449575,4.25,2.3036836875,13.1875,1.164818375,4.4375,2023,DEF,
0,0,0,0,0.0,112,0.0,0.0,0.0,0.0,259,0,0,0.0,0.0,2024-02-26,0,19,0,0,0,0,26,0,232213,0,2,4,0.0,0,-87241,375,87616,46,False,0,Ethan Pinnock,104,0,0,0,0.0,4,WHU,1055,1150,BRE,1055,1150,1.2284499999999998,4.25,2.19821,12.25,1.604855,6.1875,1.738707625,10.6875,0.8011452499999998,2.25,2.1926075000000003,11.75,1.2774768125,3.5,1.7393704375,10.9375,2023,DEF,
0,0,0,0,0.0,112,0.0,0.0,0.0,0.0,261,0,0,0.0,0.0,2024-03-02,0,6,0,0,0,0,27,0,209180,0,2,2,0.0,0,-34807,131,34938,46,True,0,Ethan Pinnock,104,0,0,0,0.0,4,CHE,1150,1230,BRE,1110,1090,1.3462222499999998,6.25,2.18843,10.5,1.53332125,6.5,1.760627625,10.0,1.484038,8.75,2.4123265000000003,12.25,2.0269359375,9.4375,1.932966625,8.5625,2023,DEF,
0,0,0,0,0.0,112,0.0,0.0,0.0,0.0,271,0,0,0.0,0.0,2024-03-09,0,1,0,0,0,0,28,0,185584,0,1,2,0.0,0,-23581,38,23619,45,False,0,Ethan Pinnock,104,0,0,0,0.0,4,ARS,1370,1330,BRE,1055,1150,1.50225225,6.25,2.4620525,11.0,1.57355625,6.125,1.78545575,10.1875,2.817745,19.5,0.2362387500000002,2.25,2.4483156875,15.3125,0.71265825,2.4375,2023,DEF,
0,0,0,0,0.0,112,0.0,0.0,0.0,0.0,283,0,0,0.0,0.0,2024-03-16,0,21,0,0,0,0,29,0,163760,0,1,2,0.0,0,-10290,215,10505,45,False,0,Ethan Pinnock,104,0,0,0,0.0,4,BUR,1050,1040,BRE,1055,1150,1.261767,4.5,2.088095,13.25,1.5287874375,5.8125,1.787558875,10.75,0.7242711500000001,5.25,1.9830425,9.0,1.0765181625,4.8125,1.841486125,9.6875,2023,DEF,
0,0,0,0,0.0,112,0.0,0.0,0.0,0.0,293,0,0,0.0,0.0,2024-03-30,0,14,0,0,0,0,30,0,166539,0,1,1,0.0,0,-9784,52,9836,45,True,0,Ethan Pinnock,104,0,0,0,0.0,4,MUN,1210,1230,BRE,1110,1090,1.44862475,6.25,2.12812,11.5,1.5030424375,6.0625,1.841982,11.25,2.1513635000000004,7.0,1.7934924999999995,15.25,1.6895879375,7.125,1.8988255,10.0,2023,DEF,
0,0,0,0,0.0,112,0.0,0.0,0.0,0.0,303,0,0,0.0,0.0,2024-04-03,0,5,0,0,0,0,31,0,160734,0,0,0,0.0,0,-5902,15,5917,45,True,0,Ethan Pinnock,104,0,0,0,0.0,4,BHA,1180,1240,BRE,1110,1090,1.90563475,8.75,1.85832875,12.0,1.4971268125,7.125,1.8896313125,11.5,0.9448795,7.75,1.3903047500000003,8.5,1.643615625,10.625,1.54271,8.5,2023,DEF,
0,0,0,0,0.0,112,0.0,0.0,0.0,0.0,311,0,0,0.0,0.0,2024-04-06,0,2,0,0,0,0,32,0,154879,0,3,3,0.0,0,-5807,44,5851,45,False,0,Ethan Pinnock,104,0,0,0,0.0,4,AVL,1140,1180,BRE,1055,1150,1.3931595,10.0,1.62626375,11.75,1.447328625,7.5,1.8698219375,10.8125,1.1532710000000002,7.25,2.280365,11.75,1.7663451875,9.125,1.8150581875,7.0,2023,DEF,
0,0,3,0,0.1,112,0.0,0.0,0.0,0.0,323,0,0,0.2,1.4,2024-04-13,1,23,0,0,0,0,33,0,151974,0,0,2,0.0,1,-3035,1295,4330,45,True,0,Ethan Pinnock,104,0,0,0,0.0,4,SHU,1020,1060,BRE,1110,1090,1.56500975,10.0,1.51867375,8.25,1.49582875,7.25,1.8899065625,10.8125,1.5423395,3.5,2.01715475,12.25,1.2695881875,4.375,1.971503875,10.3125,2023,DEF,
0,0,20,0,0.4,112,0.0,0.15,0.2971387505531311,0.59,336,1,1,6.7,45.2,2024-04-20,90,22,0,0,0,0,34,0,150592,1,5,1,21.0,7,-1106,1517,2623,45,False,1,Ethan Pinnock,104,2,0,1,0.2971387505531311,4,LUT,1020,1090,BRE,1055,1150,1.5248797500000002,9.25,1.05285825,6.75,1.5141973750000002,7.3125,1.8504126875,10.375,0.70225975,3.75,2.216907,19.5,1.5559915624999998,5.0,2.398546125,10.125,2023,DEF,
0,0,12,0,0.5,112,0.0,0.04,0.0528552196919918,0.77,343,1,0,2.2,17.6,2024-04-27,90,8,0,0,0,0,35,0,151596,1,0,1,4.0,2,335,2526,2191,45,False,0,Ethan Pinnock,104,1,0,0,0.0528552196919918,4,EVE,1125,1065,BRE,1055,1150,1.6788872499999998,7.25,0.92991675,6.5,1.58841175,7.1875,1.76309825,10.3125,1.06052425,5.0,1.6946574999999997,11.25,1.4765328125,5.75,1.84059475,8.8125,2023,DEF,
0,0,27,1,0.8,112,0.0,0.01,0.0,1.19,352,0,0,3.0,29.6,2024-05-04,90,9,0,0,0,0,36,0,154954,1,0,0,0.0,6,2958,4536,1578,45,True,0,Ethan Pinnock,104,0,0,0,0.0,4,FUL,1180,1170,BRE,1110,1090,1.8121515,7.25,0.92740425,7.0,1.567727125,7.3125,1.738312,10.125,1.670431,9.0,1.1778775,6.5,1.6130300625,8.75,1.670065625,8.5625,2023,DEF,
0,0,8,0,0.4,112,0.0,0.19,0.1212294921278953,0.69,362,1,0,1.8,11.2,2024-05-11,90,3,0,0,0,0,37,0,153949,1,2,1,6.0,2,-1020,3001,4021,45,False,0,Ethan Pinnock,104,1,0,0,0.1212294921278953,4,BOU,1055,1145,BRE,1055,1150,1.65933625,8.0,1.00051925,6.25,1.4969264375,7.4375,1.752892,9.75,1.85131,5.5,2.095466,15.25,1.8283141875,7.375,1.6455894375,8.9375,2023,DEF,
0,0,13,0,0.8,112,0.0,0.0,0.0,3.41,372,4,0,0.4,3.2,2024-05-19,90,15,0,0,0,0,38,0,154256,1,4,2,0.0,0,-108,3686,3794,45,True,0,Ethan Pinnock,104,0,0,0,0.0,4,NEW,1210,1355,BRE,1110,1090,1.86846375,9.5,1.05998725,7.5,1.5176045625,7.3125,1.609793875,9.5,2.9798500000000003,13.5,1.630755,6.75,2.2481708125,9.6875,1.5173455,7.1875,2023,DEF,
0,0,3,0,0.1,104,0.0,0.01,0.0112950010225176,1.17,8,1,0,3.6,18.8,2024-08-18,90,7,1,0,0,0,1,0,37981,1,1,2,17.0,0,0,0,0,45,True,0,Ethan Pinnock,104,1,0,0,0.0112950010225176,4,CRY,1140,1110,BRE,1070,1090,1.34863125,7.5,1.8481475,9.0,1.569843875,7.4375,1.70620575,9.5,1.96647,9.75,0.8726357499999999,4.0,1.58501475,6.5625,1.3909635375,6.0,2024,DEF,False
0,0,7,0,0.2,104,0.0,0.0,0.0,2.65,16,2,0,1.6,15.4,2024-08-25,90,12,0,0,0,0,2,0,37415,1,0,2,0.0,1,-3924,1160,5084,45,False,0,Ethan Pinnock,104,0,0,0,0.0,4,LIV,1340,1360,BRE,1100,1350,1.4547022500000002,5.75,1.8315425,7.5,1.540566375,7.3125,1.71181575,9.3125,3.6875825,16.0,1.2406137499999996,6.5,2.916590625,15.875,1.1685740624999998,6.0625,2024,DEF,False
0,0,9,0,0.8,104,0.0,0.01,0.0,1.57,22,1,0,2.0,17.2,2024-08-31,90,17,0,0,0,0,3,0,42821,1,1,3,2.0,1,2895,7170,4275,45,True,1,Ethan Pinnock,104,0,0,0,0.0,4,SOU,1060,1090,BRE,1070,1090,1.36666725,4.75,2.1472875,12.0,1.4631950625,6.8125,1.688643875,9.9375,1.09327025,5.75,2.4289672500000004,13.75,1.0957273125,5.1875,1.978620875,10.375,2024,DEF,False
0,0,12,0,0.6,104,0.0,0.25,0.1603503078222274,2.17,37,2,0,7.5,23.4,2024-09-14,90,13,0,0,0,0,4,0,38340,1,1,2,51.0,1,-4901,2968,7869,45,False,0,Ethan Pinnock,104,3,0,0,0.1603503078222274,4,MCI,1140,1300,BRE,1100,1350,1.85056475,5.75,2.2909775,12.75,1.67313325,7.6875,1.6329857500000002,9.625,2.4416425000000004,15.5,0.6821472500000001,3.5,2.5499364375,15.0625,0.94618696875,3.9375,2024,DEF,False
0,0,1,0,0.4,104,0.0,0.0,0.0,3.52,49,3,0,3.3,31.0,2024-09-21,90,18,0,0,0,0,5,0,37771,1,1,3,2.0,1,-1201,1365,2566,45,False,0,Ethan Pinnock,104,0,0,0,0.0,4,TOT,1140,1300,BRE,1100,1350,1.68790725,6.0,1.766565,15.25,1.655265125,7.375,1.6007395,10.6875,1.61120375,12.25,1.0957122499999998,3.75,1.8843969375,12.4375,1.653883375,5.75,2024,DEF,False
0,0,11,0,1.7,104,0.0,0.02,0.0,0.99,53,1,0,2.0,17.8,2024-09-28,90,19,0,0,0,0,6,0,43699,1,1,1,0.0,2,5062,12909,7847,45,True,0,Ethan Pinnock,104,0,0,0,0.0,4,WHU,1070,1130,BRE,1070,1090,1.5661385,7.0,2.453375,18.5,1.5565379375,7.5,1.7096463750000002,11.1875,0.9805992499999996,6.5,2.4630875000000003,10.5,1.373263375,4.8125,2.38134875,12.5,2024,DEF,False
0,0,17,0,0.5,104,0.0,0.19,0.13426573574543,1.05,63,3,1,10.7,50.4,2024-10-05,90,20,0,0,0,0,7,0,47467,1,3,5,56.0,7,2884,6565,3681,45,True,0,Ethan Pinnock,104,3,0,1,0.13426573574543,4,WOL,1070,1120,BRE,1070,1090,1.54438425,8.25,1.99333675,16.25,1.533849375,7.75,1.6649543125,10.6875,0.919091,4.0,1.8462175,9.75,1.0629025,4.25,2.126460625,10.75,2024,DEF,False
0,0,26,0,15.3,104,0.1228113621473312,0.55,0.4968922138214111,1.33,75,2,1,11.7,69.0,2024-10-19,90,14,0,0,0,0,8,0,51115,1,1,2,33.0,7,2655,6321,3666,45,False,0,Ethan Pinnock,104,1,1,1,0.4968922138214111,4,MUN,1140,1110,BRE,1100,1350,1.61246425,6.75,1.75561775,15.25,1.714093125,7.8125,1.5398601875000002,10.5625,1.606687,9.0,2.2413047499999994,8.0,1.5705770625000002,8.4375,2.19222875,9.625,2024,DEF,False
0,0,11,0,30.8,104,0.5537126064300537,0.2,0.0,1.3,83,3,0,6.0,27.6,2024-10-26,90,10,0,0,0,0,9,0,132026,1,3,4,2.0,1,71793,75696,3903,45,True,0,Ethan Pinnock,104,0,3,0,0.0,4,IPS,1070,1080,BRE,1070,1090,1.57294,6.0,1.80880775,12.75,1.5720914375,6.6875,1.58835925,10.875,1.4624275,5.0,2.5112825,6.75,1.012585125,3.25,2.4997700000000003,8.875,2024,DEF,False
0,0,8,0,0.6,104,0.0,0.01,0.0,1.37,92,2,0,4.0,39.6,2024-11-04,90,9,0,0,0,0,10,0,133001,1,1,2,0.0,1,6388,23097,16709,45,False,0,Ethan Pinnock,104,0,0,0,0.0,4,FUL,1140,1110,BRE,1100,1350,2.37370625,7.0,1.2493502499999998,10.0,1.801674625,6.75,1.615418,10.75,2.0801075,6.25,1.0754965,8.0,1.7081055937499998,6.0625,1.2768510625,6.125,2024,DEF,False
0,0,7,0,11.9,104,0.0969956666231155,0.13,0.0,2.61,101,2,0,3.7,20.6,2024-11-09,90,3,0,0,0,0,11,0,139077,1,2,3,4.0,1,5431,13750,8319,45,True,0,Ethan Pinnock,104,0,1,0,0.0,4,BOU,1140,1210,BRE,1070,1090,2.4659585,5.75,1.3872384999999996,10.25,1.7590865625,6.6875,1.6320955,11.1875,1.72794275,6.5,1.4948802500000002,9.75,1.8276119375,6.625,1.7278518125,11.375,2024,DEF,False
0,0,29,1,10.0,104,0.6128354668617249,0.03,0.007271115668118,1.2,114,0,0,4.5,28.8,2024-11-23,90,8,0,0,0,0,12,0,122980,1,0,0,6.0,6,-15427,4044,19471,45,False,0,Ethan Pinnock,104,1,1,0,0.007271115668118,4,EVE,1130,1060,BRE,1100,1350,1.823361,7.0,1.83626,9.25,1.7887134375,7.25,1.7357106250000005,11.1875,1.2861695000000002,6.75,1.0833387499999998,6.0,1.253537375,6.375,1.6599228125,8.5,2024,DEF,False
0,0,7,0,12.2,104,0.0648337230086326,0.02,0.0,1.06,121,1,0,4.3,24.6,2024-11-30,90,11,0,0,0,0,13,0,134923,1,1,4,6.0,2,9086,12698,3612,45,True,0,Ethan Pinnock,104,0,1,0,0.0,4,LEI,1080,1110,BRE,1070,1090,1.93593525,6.5,1.7936474999999996,8.25,1.6363534375,6.5,1.8042919375,11.3125,1.13906925,6.5,1.9836325000000004,6.25,1.2412117625,4.9375,2.19715825,10.0,2024,DEF,False
0,0,-5,0,11.9,104,0.0590953901410102,0.06,0.0,2.43,132,3,0,2.5,10.8,2024-12-04,90,2,0,0,0,0,14,0,123734,1,1,3,2.0,0,-10272,2674,12946,45,False,1,Ethan Pinnock,104,0,1,0,0.0,4,AVL,1080,1140,BRE,1100,1350,1.46649025,6.0,1.6062912499999995,7.5,1.7152593125000002,6.4375,1.78513975,10.875,2.01771325,5.5,2.0858075,6.0,1.76383834375,7.0625,1.670635875,5.4375,2024,DEF,False
0,0,8,0,0.4,104,0.0,0.0,0.0,1.48,142,2,0,1.8,17.4,2024-12-07,90,15,0,0,0,0,15,0,115988,1,2,4,0.0,1,-8235,3925,12160,45,True,0,Ethan Pinnock,104,0,0,0,0.0,4,NEW,1150,1290,BRE,1070,1090,1.5648475,6.75,2.05293125,7.0,1.735464375,6.375,1.8951985,11.375,1.2271022500000002,5.25,1.6612385,7.25,1.5626426875,7.625,1.6757626875,7.9375,2024,DEF,False
0,0,11,0,0.3,104,0.0,0.02,0.0,2.23,154,2,0,3.1,26.2,2024-12-15,90,6,0,0,0,0,16,0,103588,1,1,2,4.0,1,-12999,1738,14737,45,False,0,Ethan Pinnock,104,0,0,0,0.0,4,CHE,1150,1360,BRE,1100,1350,1.6101625,4.75,1.91895875,7.75,1.724138125,6.0625,1.9504535,11.25,3.2930825,12.75,1.7521125000000004,5.25,2.2195197500000003,8.9375,1.6453934375,6.6875,2024,DEF,False
0,0,0,0,0.0,104,0.0,0.0,0.0,0.0,162,0,0,0.0,0.0,2024-12-21,0,16,0,0,0,0,17,0,89282,0,2,0,0.0,0,-14566,2045,16611,45,True,0,Ethan Pinnock,104,0,0,0,0.0,4,NFO,1230,1130,BRE,1070,1090,1.6890299999999998,6.0,2.16804875,9.0,1.7214531250000005,6.125,1.88426725,11.3125,1.3763355,4.75,1.380896,7.25,1.4766788125,6.0625,1.2729056875,7.0,2024,DEF,False
0,0,0,0,0.0,104,0.0,0.0,0.0,0.0,173,0,0,0.0,0.0,2024-12-27,0,5,0,0,0,0,18,0,67317,0,0,0,0.0,0,-21795,59,21854,45,False,0,Ethan Pinnock,104,0,0,0,0.0,4,BHA,1080,1140,BRE,1100,1350,1.3265684999999998,7.0,2.18238425,9.75,1.683225875,6.75,1.8728501875,11.4375,1.2220625,7.25,1.5816435000000002,4.5,1.595658125,7.5625,1.698712875,6.375,2024,DEF,False
0,0,0,0,0.0,104,0.0,0.0,0.0,0.0,182,0,0,0.0,0.0,2025-01-01,0,1,0,0,0,0,19,0,54890,0,3,1,0.0,0,-12933,42,12975,45,True,0,Ethan Pinnock,104,0,0,0,0.0,4,ARS,1370,1350,BRE,1070,1090,1.2837117499999997,7.0,1.7120467499999998,12.25,1.7147255,6.9375,1.7863883125000002,11.4375,2.2402275,10.5,0.4916716750000002,1.25,2.2759883125,9.0625,1.02977029375,4.6875,2024,DEF,False
0,0,0,0,0.0,104,0.0,0.0,0.0,0.0,198,0,0,0.0,0.0,2025-01-04,0,17,0,0,0,0,20,0,44947,0,5,0,0.0,0,-10125,35,10160,45,False,0,Ethan Pinnock,104,0,0,0,0.0,4,SOU,1060,1050,BRE,1100,1350,0.9153627499999998,6.0,1.7225542499999995,14.25,1.4903376250000002,6.125,1.8083476875,11.625,1.2426127500000002,3.75,2.5252625,8.5,1.2559530625,5.25,2.5981988125,10.6875,2024,DEF,False
0,0,0,0,0.0,104,0.0,0.0,0.0,0.0,202,0,0,0.0,0.0,2025-01-14,0,13,0,0,0,0,21,0,39506,0,2,2,0.0,0,-5589,52,5641,44,True,0,Ethan Pinnock,104,0,0,0,0.0,4,MCI,1230,1350,BRE,1070,1090,1.88789525,8.25,1.13709275,13.25,1.771450125,6.6875,1.7268991875,10.8125,1.7939500000000002,10.0,1.52202725,5.0,1.89854175,11.4375,1.812146875,5.625,2024,DEF,False
