assists,bonus,bps,clean_sheets,creativity,element,expected_assists,expected_goal_involvements,expected_goals,expected_goals_conceded,fixture,goals_conceded,goals_scored,ict_index,influence,kickoff_time,minutes,opponent_team,own_goals,penalties_missed,penalties_saved,red_cards,gameweek,saves,selected,starts,team_a_score,team_h_score,threat,total_points,transfers_balance,transfers_in,transfers_out,value,was_home,yellow_cards,Full_Name,Unique_ID,shots,key_passes,npg,npxG,own_team,opponent_short_name,opponent_attack,opponent_defense,own_short_name,own_attack,own_defense,opponent_xG_rolling_3,opponent_deep_rolling_3,opponent_xGA_rolling_3,opponent_deep_allowed_rolling_3,opponent_xG_rolling_4,opponent_deep_rolling_4,opponent_xGA_rolling_4,opponent_deep_allowed_rolling_4,opponent_xG_rolling_5,opponent_deep_rolling_5,opponent_xGA_rolling_5,opponent_deep_allowed_rolling_5,opponent_xG_rolling_13,opponent_deep_rolling_13,opponent_xGA_rolling_13,opponent_deep_allowed_rolling_13,opponent_xG_rolling_16,opponent_deep_rolling_16,opponent_xGA_rolling_16,opponent_deep_allowed_rolling_16,opponent_xG_rolling_20,opponent_deep_rolling_20,opponent_xGA_rolling_20,opponent_deep_allowed_rolling_20,team_xG_rolling_3,team_deep_rolling_3,team_xGA_rolling_3,team_deep_allowed_rolling_3,team_xG_rolling_4,team_deep_rolling_4,team_xGA_rolling_4,team_deep_allowed_rolling_4,team_xG_rolling_5,team_deep_rolling_5,team_xGA_rolling_5,team_deep_allowed_rolling_5,team_xG_rolling_13,team_deep_rolling_13,team_xGA_rolling_13,team_deep_allowed_rolling_13,team_xG_rolling_16,team_deep_rolling_16,team_xGA_rolling_16,team_deep_allowed_rolling_16,team_xG_rolling_20,team_deep_rolling_20,team_xGA_rolling_20,team_deep_allowed_rolling_20,season,position
0,0,6,0,8.0,448,0.0,0.02,0.0,0.24,8,0,0,2.1,7.0,2022-08-06,24,17,0,0,0,0,1,0,1973469,0,1,4,6.0,1,0,0,0,55,True,0,Ivan Perišić,1055,0,0,0,0.0,18,SOU,1070,1080,TOT,1140,1170,1.1673772,5.8,1.3410756,8.8,1.1673772,5.8,1.3410756,8.8,1.1673772,5.8,1.3410756,8.8,1.1673772,5.8,1.3410756,8.8,1.1673772,5.8,1.3410756,8.8,1.1673772,5.8,1.3410756,8.8,1.567675,6.8,1.0472316,7.8,1.567675,6.8,1.0472316,7.8,1.567675,6.8,1.0472316,7.8,1.567675,6.8,1.0472316,7.8,1.567675,6.8,1.0472316,7.8,1.567675,6.8,1.0472316,7.8,2022,DEF
1,0,15,0,28.3,448,0.5450990200042725,0.26,0.0,0.11,15,0,0,4.9,20.4,2022-08-14,11,6,0,0,0,0,2,0,1706293,0,2,2,0.0,4,-356478,34461,390939,55,False,0,Ivan Perišić,1055,0,2,0,0.0,18,CHE,1190,1140,TOT,1210,1230,1.92315,7.0,0.541983,3.0,1.92315,7.0,0.541983,3.0,1.92315,7.0,0.541983,3.0,1.92315,7.0,0.541983,3.0,1.92315,7.0,0.541983,3.0,1.92315,7.0,0.541983,3.0,1.6172,12.0,0.386546,7.0,1.6172,12.0,0.386546,7.0,1.6172,12.0,0.386546,7.0,1.6172,12.0,0.386546,7.0,1.6172,12.0,0.386546,7.0,1.6172,12.0,0.386546,7.0,2022,DEF
1,3,33,1,40.9,448,0.656341016292572,0.59,0.0,0.68,29,0,0,8.1,34.0,2022-08-20,75,20,0,0,0,0,3,0,1550856,1,0,1,6.0,12,-193692,85043,278735,54,True,0,Ivan Perišić,1055,0,3,0,0.0,18,WOL,1100,1080,TOT,1140,1170,1.0382825,5.0,0.98865,3.5,1.0382825,5.0,0.98865,3.5,1.0382825,5.0,0.98865,3.5,1.0382825,5.0,0.98865,3.5,1.0382825,5.0,0.98865,3.5,1.0382825,5.0,0.98865,3.5,1.60214,7.0,1.112998,9.5,1.60214,7.0,1.112998,9.5,1.60214,7.0,1.112998,9.5,1.60214,7.0,1.112998,9.5,1.60214,7.0,1.112998,9.5,1.60214,7.0,1.112998,9.5,2022,DEF
0,0,18,1,1.4,448,0.0,0.09,0.0357034988701343,0.61,38,0,0,2.0,6.4,2022-08-28,73,16,0,0,0,0,4,0,2386846,1,2,0,12.0,6,694633,761145,66512,55,False,0,Ivan Perišić,1055,1,0,0,0.0357034988701343,18,NFO,1065,1030,TOT,1210,1230,1.0419466666666668,2.333333333333333,1.793173333333333,13.0,1.0419466666666668,2.333333333333333,1.793173333333333,13.0,1.0419466666666668,2.333333333333333,1.793173333333333,13.0,1.0419466666666668,2.333333333333333,1.793173333333333,13.0,1.0419466666666668,2.333333333333333,1.793173333333333,13.0,1.0419466666666668,2.333333333333333,1.793173333333333,13.0,1.5567866666666668,7.333333333333333,0.9707063333333332,8.333333333333334,1.5567866666666668,7.333333333333333,0.9707063333333332,8.333333333333334,1.5567866666666668,7.333333333333333,0.9707063333333332,8.333333333333334,1.5567866666666668,7.333333333333333,0.9707063333333332,8.333333333333334,1.5567866666666668,7.333333333333333,0.9707063333333332,8.333333333333334,1.5567866666666668,7.333333333333333,0.9707063333333332,8.333333333333334,2022,DEF
0,0,11,0,48.8,448,0.1366010010242462,0.14,0.0,1.24,47,1,0,7.0,13.6,2022-08-31,90,19,0,0,0,0,5,0,2703414,1,1,1,8.0,1,276837,365680,88843,56,False,1,Ivan Perišić,1055,0,3,0,0.0,18,WHU,1145,1060,TOT,1210,1230,1.0631876666666666,5.333333333333333,1.3675683333333335,3.333333333333333,0.8589377499999999,4.5,1.67252375,5.25,0.8589377499999999,4.5,1.67252375,5.25,0.8589377499999999,4.5,1.67252375,5.25,0.8589377499999999,4.5,1.67252375,5.25,0.8589377499999999,4.5,1.67252375,5.25,1.83263,5.333333333333333,1.1089806666666666,9.666666666666666,1.7787725,7.0,0.928372,9.0,1.7787725,7.0,0.928372,9.0,1.7787725,7.0,0.928372,9.0,1.7787725,7.0,0.928372,9.0,1.7787725,7.0,0.928372,9.0,2022,DEF
0,0,3,0,0.0,448,0.0,0.0,0.0,0.04,59,0,0,0.2,2.4,2022-09-03,6,9,0,0,0,0,6,0,2880830,0,1,2,0.0,1,122071,311141,189070,56,True,0,Ivan Perišić,1055,0,0,0,0.0,18,FUL,1065,1140,TOT,1140,1170,1.6320923333333333,5.0,1.94046,9.666666666666666,1.4961017500000002,4.25,1.6991887499999998,7.5,1.4505254,4.2,1.827573,8.2,1.4505254,4.2,1.827573,8.2,1.4505254,4.2,1.827573,8.2,1.4505254,4.2,1.827573,8.2,1.544698333333333,6.666666666666667,1.0033873333333334,6.666666666666667,1.55529375,5.5,1.212403,8.0,1.567675,6.8,1.0472316,7.8,1.567675,6.8,1.0472316,7.8,1.567675,6.8,1.0472316,7.8,1.567675,6.8,1.0472316,7.8,2022,DEF
1,0,14,0,47.8,448,0.0951523035764694,0.35,0.0857527032494545,1.45,79,2,0,8.8,22.6,2022-09-17,54,11,0,0,0,0,8,0,3027773,1,2,6,18.0,2,209617,316199,106582,56,True,1,Ivan Perišić,1055,1,3,0,0.0857527032494545,18,LEI,1110,1120,TOT,1140,1170,1.213662,5.333333333333333,1.86017,8.0,0.9709835,5.25,1.705515,7.0,0.9149226,5.2,1.966552,7.6,0.8383846666666667,5.166666666666667,1.7939711666666665,6.833333333333333,0.8383846666666667,5.166666666666667,1.7939711666666665,6.833333333333333,0.8383846666666667,5.166666666666667,1.7939711666666665,6.833333333333333,1.9487483333333333,9.333333333333334,0.901865,5.0,1.82808125,9.0,0.8479295,5.25,1.7798810000000005,7.6,1.0462336,6.6,1.7527675,8.333333333333334,0.9362856666666668,6.666666666666667,1.7527675,8.333333333333334,0.9362856666666668,6.666666666666667,1.7527675,8.333333333333334,0.9362856666666668,6.666666666666667,2022,DEF
0,0,5,0,14.7,448,0.1480939984321594,0.21,0.0435177981853485,2.2,81,3,0,2.2,3.4,2022-10-01,70,1,0,0,0,0,9,0,2742480,1,1,3,4.0,1,-156410,79156,235566,56,False,0,Ivan Perišić,1055,1,1,0,0.0435177981853485,18,ARS,1250,1240,TOT,1210,1230,1.8474333333333333,14.333333333333334,0.9554393333333334,3.6666666666666665,2.0041425,15.0,0.94808125,3.0,1.945476,13.6,0.800732,2.6,2.02487,13.0,0.8429584285714286,3.7142857142857135,2.02487,13.0,0.8429584285714286,3.7142857142857135,2.02487,13.0,0.8429584285714286,3.7142857142857135,1.7959016666666665,9.333333333333334,1.1662386666666666,4.666666666666667,1.95810875,8.5,1.07502125,6.25,1.859703,8.4,0.9972416,6.2,1.7861135714285716,8.0,1.030314857142857,7.142857142857143,1.7861135714285716,8.0,1.030314857142857,7.142857142857143,1.7861135714285716,8.0,1.030314857142857,7.142857142857143,2022,DEF
0,0,0,0,0.5,448,0.0,0.0,0.0,0.0,93,0,0,0.3,0.0,2022-10-08,10,5,0,0,0,0,10,0,2639641,0,1,0,4.0,1,-118397,91505,209902,56,False,0,Ivan Perišić,1055,0,0,0,0.0,18,BHA,1140,1200,TOT,1210,1230,2.28364,7.0,1.4293066666666665,8.0,2.115195,6.75,1.359165,7.25,2.057446,5.8,1.2410588,7.0,1.9463542857142857,7.0,1.1157537142857143,6.285714285714286,1.9463542857142857,7.0,1.1157537142857143,6.285714285714286,1.9463542857142857,7.0,1.1157537142857143,6.285714285714286,2.0557066666666666,8.0,1.486692,7.666666666666667,1.72260125,7.5,1.4956865,6.5,1.867027,7.2,1.356823,7.4,1.750686875,7.25,1.21202925,7.75,1.750686875,7.25,1.21202925,7.75,1.750686875,7.25,1.21202925,7.75,2022,DEF
0,2,31,1,62.0,448,0.5418339967727661,0.49,0.0970119014382362,0.43,109,0,0,12.0,21.8,2022-10-15,90,8,0,0,0,0,11,0,2607340,1,0,2,36.0,8,-43451,135395,178846,55,True,0,Ivan Perišić,1055,1,4,0,0.0970119014382362,18,EVE,1100,1090,TOT,1140,1170,0.9211213333333332,4.666666666666667,1.4803603333333328,7.333333333333333,1.0387635,6.0,1.4568127499999997,8.5,1.0653888,5.4,1.3745521999999997,8.6,1.1480807777777775,5.444444444444445,1.629455111111111,8.11111111111111,1.1480807777777775,5.444444444444445,1.629455111111111,8.11111111111111,1.1480807777777775,5.444444444444445,1.629455111111111,8.11111111111111,1.420177,4.666666666666667,1.6594183333333337,12.333333333333334,1.73469025,7.5,1.33995275,9.5,1.5324092,7.2,1.3764962,8.2,1.641904,7.111111111111111,1.177329888888889,8.555555555555555,1.641904,7.111111111111111,1.177329888888889,8.555555555555555,1.641904,7.111111111111111,1.177329888888889,8.555555555555555,2022,DEF
0,0,10,0,6.6,448,0.0,0.14,0.0227568000555038,1.61,119,2,0,2.8,11.8,2022-10-19,88,14,0,0,0,0,12,0,2701940,1,0,2,10.0,1,94630,152626,57996,55,False,0,Ivan Perišić,1055,1,0,0,0.0227568000555038,18,MUN,1140,1165,TOT,1210,1230,1.651843333333333,7.0,1.3883413333333332,11.0,1.7461425,6.5,1.3968509999999998,12.25,1.6168520000000002,7.4,1.2405339999999998,10.2,1.529173111111111,8.222222222222221,1.3557,9.555555555555555,1.529173111111111,8.222222222222221,1.3557,9.555555555555555,1.529173111111111,8.222222222222221,1.3557,9.555555555555555,1.5894769999999998,5.333333333333333,1.3146013333333333,9.0,1.68865525,5.5,1.3845735,9.25,1.8865702,7.6,1.18397,7.6,1.7271226,7.2,1.1156008,7.7,1.7271226,7.2,1.1156008,7.7,1.7271226,7.2,1.1156008,7.7,2022,DEF
0,0,1,0,14.2,448,0.0198439005762338,0.1,0.039112601429224,0.04,128,0,0,3.8,6.4,2022-10-23,29,15,0,0,0,0,13,0,2614550,0,2,1,17.0,1,-89984,52249,142233,55,True,0,Ivan Perišić,1055,1,1,0,0.039112601429224,18,NEW,1300,1220,TOT,1140,1170,1.45613,8.666666666666666,0.8705588999999999,5.666666666666667,2.2600925,10.75,0.8238444250000001,5.5,2.1175900000000003,12.2,0.8544651400000001,5.4,1.8479625454545447,11.0,1.236780518181818,6.636363636363637,1.8479625454545447,11.0,1.236780518181818,6.636363636363637,1.8479625454545447,11.0,1.236780518181818,6.636363636363637,1.3080856666666667,7.0,1.0565013333333335,8.333333333333334,1.35673925,5.75,1.4133835,9.25,1.4826294,5.8,1.4496048,9.4,1.6299774545454546,7.181818181818182,1.1696125454545454,7.909090909090909,1.6299774545454546,7.181818181818182,1.1696125454545454,7.909090909090909,1.6299774545454546,7.181818181818182,1.1696125454545454,7.909090909090909,2022,DEF
1,0,18,0,29.3,448,0.4909389913082123,0.24,0.0766602978110313,0.03,132,0,0,5.8,20.4,2022-10-29,27,3,0,0,0,0,14,0,2521604,0,3,2,8.0,4,-99249,59369,158618,55,False,0,Ivan Perišić,1055,1,2,0,0.0766602978110313,18,BOU,1020,1050,TOT,1210,1230,1.056395,5.333333333333333,1.611103333333333,7.0,1.07952375,5.75,1.50364,7.25,1.0152446,5.8,1.412112,7.6,0.7020716666666668,4.916666666666667,1.6850204166666665,10.333333333333334,0.7020716666666668,4.916666666666667,1.6850204166666665,10.333333333333334,0.7020716666666668,4.916666666666667,1.6850204166666665,10.333333333333334,1.572582,7.333333333333333,1.1330563333333334,7.0,1.37234675,7.0,1.074726,9.0,1.3984174,6.0,1.3565868,9.6,1.6245735,7.166666666666667,1.1662615,8.166666666666666,1.6245735,7.166666666666667,1.1662615,8.166666666666666,1.6245735,7.166666666666667,1.1662615,8.166666666666666,2022,DEF
0,0,10,0,69.7,448,0.5459229946136475,0.77,0.7764729857444763,1.18,148,2,0,13.2,17.2,2022-11-06,90,12,0,0,0,0,15,0,2418941,1,2,1,45.0,1,-104671,43290,147961,55,True,0,Ivan Perišić,1055,3,5,0,0.7764729857444763,18,LIV,1250,1300,TOT,1140,1170,2.11569,11.666666666666666,2.2002766666666664,5.333333333333333,2.0865675,10.25,1.87808075,8.25,1.8222842,9.0,2.0664006,9.4,2.114225916666667,12.333333333333334,1.6537033333333333,7.0,2.114225916666667,12.333333333333334,1.6537033333333333,7.0,2.114225916666667,12.333333333333334,1.6537033333333333,7.0,1.4727519999999998,8.0,1.242221,8.0,1.7280865,8.0,1.0716755,6.0,1.5367974,7.6,1.0372874,7.8,1.6684216923076922,7.384615384615385,1.1448208461538465,7.769230769230769,1.6684216923076922,7.384615384615385,1.1448208461538465,7.769230769230769,1.6684216923076922,7.384615384615385,1.1448208461538465,7.769230769230769,2022,DEF
0,0,14,0,6.5,448,0.0,0.03,0.0,1.1,158,3,0,2.1,12.4,2022-11-12,90,24,0,0,0,0,16,0,2486005,1,3,4,2.0,1,55416,150198,94782,55,True,0,Ivan Perišić,1055,0,0,0,0.0,18,LEE,1075,1120,TOT,1140,1170,1.9339566666666668,7.333333333333333,1.9799833333333328,7.333333333333333,1.7491275,6.75,1.64879975,6.5,1.803766,7.0,1.4833911999999998,6.2,1.497628153846154,6.846153846153846,1.5152567692307692,6.307692307692308,1.497628153846154,6.846153846153846,1.5152567692307692,6.307692307692308,1.497628153846154,6.846153846153846,1.5152567692307692,6.307692307692308,1.85903,7.0,1.160804333333333,7.0,1.5589039999999998,7.0,1.29803575,7.75,1.7459412,7.2,1.1504363999999998,6.2,1.6838186153846153,6.769230769230769,1.2278157692307692,7.769230769230769,1.6790601428571428,7.142857142857143,1.1677250714285716,7.714285714285714,1.6790601428571428,7.142857142857143,1.1677250714285716,7.714285714285714,2022,DEF
0,0,15,0,31.7,448,0.1433150023221969,0.27,0.0,2.15,163,2,0,5.9,21.0,2022-12-26,90,4,0,0,0,0,17,0,2203128,1,2,2,6.0,1,-292602,263143,555745,55,False,0,Ivan Perišić,1055,0,1,0,0.0,18,BRE,1100,1130,TOT,1210,1230,1.9343633333333328,6.0,1.1531883333333333,12.666666666666666,1.7019275,5.25,1.7289337500000004,11.75,1.651998,5.6,1.494628,12.2,1.6254715384615386,6.307692307692308,1.637063153846154,9.461538461538462,1.5633364666666667,5.866666666666666,1.5089036,9.266666666666667,1.5633364666666667,5.866666666666666,1.5089036,9.266666666666667,2.1974733333333334,7.0,1.3567743333333333,5.333333333333333,2.0393875,7.0,1.29993075,6.75,1.7632152,7.0,1.3818906,7.4,1.7602324615384617,7.153846153846154,1.2184203846153847,7.3076923076923075,1.7391534666666668,7.133333333333334,1.2043640666666666,7.6,1.7391534666666668,7.133333333333334,1.2043640666666666,7.6,2022,DEF
0,0,3,0,13.5,448,0.0501874983310699,0.28,0.1912409961223602,0.82,178,2,0,3.0,6.2,2023-01-01,87,2,0,0,0,0,18,0,2195092,1,2,0,10.0,1,-13053,66228,79281,55,True,0,Ivan Perišić,1055,1,1,0,0.1912409961223602,18,AVL,1075,1130,TOT,1140,1170,1.1414943333333334,5.333333333333333,1.6177453333333336,8.333333333333334,0.92382425,4.5,2.260329,10.0,1.4302934,5.4,2.0091872000000004,8.6,1.1605212307692307,5.461538461538462,1.5360283846153848,7.461538461538462,1.1904036875,6.125,1.552696875,7.0,1.1904036875,6.125,1.552696875,7.0,1.7605356666666667,5.333333333333333,1.8118066666666668,6.666666666666667,1.86905175,6.5,1.58073825,5.75,1.8082674,6.6,1.4904706,6.8,1.7154406923076924,6.923076923076923,1.338920923076923,7.384615384615385,1.6856930625,7.0,1.2698806875,7.5625,1.6856930625,7.0,1.2698806875,7.5625,2022,DEF
1,1,34,1,20.1,448,0.5544919967651367,0.52,0.0,0.79,185,0,0,5.8,32.2,2023-01-04,85,7,0,0,0,0,19,0,2157101,1,4,0,6.0,10,-40015,47659,87674,55,False,0,Ivan Perišić,1055,0,1,0,0.0,18,CRY,1110,1060,TOT,1210,1230,1.106638,4.333333333333333,1.6108696666666669,8.333333333333334,1.0883385,5.5,1.256297,6.5,1.0714388,5.8,1.2766436,6.8,0.9006986923076923,4.230769230769231,1.490710846153846,9.076923076923077,1.0919689375,4.5625,1.4909399375,9.625,1.0919689375,4.5625,1.4909399375,9.625,1.3445433333333334,6.0,1.72909,6.666666666666667,1.4627475,5.5,1.6631874999999998,6.75,1.609118,6.4,1.5080566000000002,6.0,1.571183230769231,6.923076923076923,1.3709179230769228,7.076923076923077,1.6202045,6.625,1.3218046875,7.5625,1.6200277647058825,6.941176470588236,1.2667894705882352,7.529411764705882,2022,DEF
0,0,3,0,0.0,448,0.0,0.0,0.0,0.09,199,0,0,0.2,2.2,2023-01-15,14,1,0,0,0,0,20,0,2330414,0,2,0,0.0,1,141275,208348,67073,55,True,0,Ivan Perišić,1055,0,0,0,0.0,18,ARS,1250,1320,TOT,1140,1170,2.026659,10.333333333333334,1.0475576666666668,4.666666666666667,2.08998425,8.75,0.9137530000000004,4.5,2.1476794,7.6,0.7867654,4.6,2.076317230769231,10.846153846153848,0.9168535384615386,4.384615384615385,2.136744,11.0,0.8591948125000001,4.0,2.0955243529411764,11.117647058823527,0.8796168823529412,4.235294117647059,1.0394366666666668,6.666666666666667,1.4191616666666669,7.333333333333333,1.4246925,6.75,1.49369875,7.0,1.5032260000000002,6.2,1.488055,7.0,1.6436336153846156,7.153846153846154,1.3143683076923076,7.461538461538462,1.62508325,7.0625,1.256059375,7.3125,1.622534,7.055555555555555,1.2401636666666669,7.555555555555555,2022,DEF
0,0,2,0,1.4,448,0.0,0.34,0.533577024936676,1.94,68,3,0,1.6,10.0,2023-01-19,68,13,0,0,0,0,20,0,2330414,1,2,4,5.0,1,141275,208348,67073,55,False,0,Ivan Perišić,1055,1,0,0,0.533577024936676,18,MCI,1340,1360,TOT,1210,1230,1.6066666666666662,11.0,0.8506193000000001,5.333333333333333,2.2456225,11.5,0.788902225,5.75,2.117498,14.4,1.28914578,5.8,1.965426153846154,13.615384615384617,0.9935326846153848,4.153846153846154,2.215453125,13.5625,0.99689705625,4.0625,2.20696,13.27777777777778,0.9066937166666666,3.7222222222222223,1.3149476666666668,7.666666666666667,1.3490583333333337,7.666666666666667,1.2071575,7.0,1.57495125,7.5,1.481818,7.0,1.603423,7.2,1.5691790000000003,6.538461538461538,1.4421193846153846,8.0,1.6403482500000002,7.0625,1.3408216875,7.4375,1.6271543157894737,7.105263157894737,1.2823824210526316,7.578947368421052,2022,DEF
0,0,21,1,13.8,448,0.0291437990963459,0.02,0.0,1.18,204,0,0,3.2,14.0,2023-01-23,90,9,0,0,0,0,21,0,2255811,1,1,0,4.0,6,-55387,43709,99096,55,False,0,Ivan Perišić,1055,0,1,0,0.0,18,FUL,1070,1120,TOT,1210,1230,1.0120226666666667,3.0,1.93796,8.666666666666666,1.1322795,3.75,1.62814775,7.0,1.4456776,5.6,1.386869,6.0,1.519760076923077,5.769230769230769,2.023717076923077,6.6923076923076925,1.4099354375,5.3125,2.009722,6.8125,1.4370332,4.95,1.97699135,7.3,1.5134833333333333,8.333333333333334,1.7238350000000002,9.0,1.27745825,7.75,1.59720875,8.5,1.198724,7.2,1.728293,8.2,1.5060097692307697,6.6923076923076925,1.499594,8.076923076923077,1.5603645000000002,7.1875,1.437089875,7.4375,1.6040461,7.15,1.3353463,7.75,2022,DEF
0,0,18,1,28.8,448,0.1014050021767616,0.1,0.0,0.7,219,0,0,4.0,7.4,2023-02-05,78,13,0,0,0,0,22,0,2176194,1,0,1,4.0,5,-82989,60845,143834,55,True,1,Ivan Perišić,1055,0,2,0,0.0,18,MCI,1340,1380,TOT,1140,1170,2.135393333333333,10.0,1.2055156666666669,7.0,2.0314750000000004,10.0,1.02753075,6.5,2.097846,10.6,0.83722498,5.6,2.1441646153846152,13.615384615384617,1.073831146153846,4.615384615384615,2.191085,13.125,0.95499649375,4.1875,2.2697255,12.95,0.897737695,3.95,1.289705,7.666666666666667,1.8257900000000005,8.666666666666666,1.38356375,8.0,1.56622375,8.5,1.2207276,7.6,1.496445,8.2,1.466864,7.076923076923077,1.3926216923076922,7.6923076923076925,1.577272,7.25,1.410259875,7.6875,1.57287635,6.9,1.3706885,7.75,2022,DEF
0,0,6,0,24.9,448,0.1345590054988861,0.33,0.1344590038061142,1.41,226,3,0,5.1,5.4,2023-02-11,74,11,0,0,0,0,23,0,2178457,1,1,4,21.0,1,-3411,51099,54510,55,False,0,Ivan Perišić,1055,3,2,0,0.1344590038061142,18,LEI,1065,1200,TOT,1210,1230,1.553557,3.333333333333333,1.7323133333333331,11.0,1.52822025,4.0,1.6329675,9.25,1.3952386,3.8,1.7113,8.6,1.204103076923077,5.461538461538462,1.340459692307692,8.0,1.22268875,5.75,1.46034475,7.75,1.15360715,5.7,1.5233308,7.6,1.1934916666666666,6.0,1.4029323333333334,7.666666666666667,1.32269875,6.5,1.5627792500000002,7.75,1.391187,7.0,1.4077284000000003,7.8,1.5168670000000002,6.846153846153846,1.3829303076923076,6.923076923076923,1.498737625,6.4375,1.4347718125,7.9375,1.56460635,6.95,1.31740335,7.4,2022,DEF
0,0,-2,0,0.3,448,0.0,0.0,0.0,0.18,239,0,0,0.0,0.0,2023-02-19,12,19,0,0,0,0,24,0,2138989,0,0,2,0.0,0,-42551,26727,69278,55,True,1,Ivan Perišić,1055,0,0,0,0.0,18,WHU,1150,1110,TOT,1140,1170,1.60775,4.333333333333333,0.8053736666666665,6.666666666666667,1.3895887499999997,5.0,0.8055882500000001,6.25,1.370161,4.6,0.8960106,6.4,1.3155119230769232,4.615384615384615,1.2129826923076923,6.6923076923076925,1.389569125,4.5625,1.0807713125,6.5625,1.31392995,4.3,1.0426981999999998,6.05,1.1775250000000002,4.666666666666667,1.0930723333333334,6.0,1.17439125,5.5,1.40521925,7.25,1.281577,6.0,1.5326394,7.4,1.4109439230769232,6.538461538461538,1.448471923076923,7.384615384615385,1.444418875,6.3125,1.4233711875,7.6875,1.54715685,6.75,1.3537012000000002,7.4,2022,DEF
0,0,0,0,0.0,448,0.0,0.0,0.0,0.0,249,0,0,0.0,0.0,2023-02-26,0,6,0,0,0,0,25,0,2033916,0,0,2,0.0,0,-69700,33094,102794,55,True,0,Ivan Perišić,1055,0,0,0,0.0,18,CHE,1220,1220,TOT,1140,1170,1.3108016666666669,8.666666666666666,0.7296743333333335,4.666666666666667,1.44426875,8.25,0.8725682500000002,5.25,1.5813890000000002,8.4,0.8655278000000001,4.8,1.3078693076923076,6.538461538461538,1.1951853076923078,5.615384615384615,1.326691,7.1875,1.261472375,5.625,1.32216545,7.05,1.2857059,5.3,1.3230633333333337,5.0,0.8503333333333335,4.666666666666667,1.24074875,5.5,0.9110975,5.25,1.225597,6.0,1.19721,6.4,1.4703203846153845,6.615384615384615,1.3450444615384616,6.846153846153846,1.439901375,6.6875,1.290942625,7.125,1.49644135,6.85,1.3318914,7.0,2022,DEF
0,0,6,0,20.8,448,0.025942999869585,0.2,0.2151959985494613,0.44,260,1,0,6.5,12.0,2023-03-04,90,20,0,0,0,0,26,0,1989755,1,0,1,32.0,2,-85943,26022,111965,54,False,0,Ivan Perišić,1055,2,1,0,0.2151959985494613,18,WOL,1100,1060,TOT,1210,1230,0.8984406666666666,7.0,1.5892610000000005,7.0,0.8277432499999999,5.75,1.51745325,7.0,1.1888506,5.6,1.4743486,8.4,0.9402446153846156,4.230769230769231,1.6605206153846153,8.23076923076923,0.9951591875,4.9375,1.5674764375,7.6875,0.93291845,5.25,1.55912315,7.9,1.157941,5.666666666666667,0.6798446666666669,4.666666666666667,1.2238757500000002,5.0,0.7033202500000001,4.75,1.1778616000000002,5.4,0.7813342000000001,5.2,1.4211806153846154,6.461538461538462,1.2783429999999998,6.384615384615385,1.449568375,6.625,1.25110175,6.5,1.50659275,6.8,1.26887195,7.1,2022,DEF
0,0,0,0,0.0,448,0.0,0.0,0.0,0.0,269,0,0,0.0,0.0,2023-03-11,0,16,0,0,0,0,27,0,1868889,0,1,3,0.0,0,-119611,10861,130472,54,True,0,Ivan Perišić,1055,0,0,0,0.0,18,NFO,1100,1105,TOT,1140,1170,0.7593106666666666,3.0,2.5229166666666667,13.666666666666666,0.7411890000000001,3.75,2.3164475,11.75,0.6594512000000001,3.2,2.07782,10.8,0.9270744615384614,4.538461538461538,1.731540076923077,9.923076923076923,0.9997631875,4.3125,1.7520688125,10.125,1.00918035,4.05,1.60973145,9.5,1.2042043333333334,6.666666666666667,0.3966436666666668,3.6666666666666665,1.1824257500000002,6.0,0.65050275,4.25,1.2302766000000005,5.4,0.6751516,4.4,1.348971384615385,6.230769230769231,1.2533386923076923,6.384615384615385,1.3721802500000002,6.5625,1.251254125,6.6875,1.43547525,6.35,1.277918,7.2,2022,DEF
0,0,16,0,14.8,448,0.1175640001893043,0.35,0.1846089959144592,1.9,279,3,1,7.8,40.2,2023-03-18,53,17,0,0,0,0,28,0,1837895,0,3,3,23.0,6,-37843,21924,59767,54,False,0,Ivan Perišić,1055,3,1,1,0.1846089959144592,18,SOU,1070,1060,TOT,1210,1230,0.9609423333333332,3.6666666666666665,1.415777,8.0,0.8184887500000001,3.25,1.24184475,8.5,0.7786974,3.2,1.3169218,9.0,0.9281466923076922,4.615384615384615,1.4139669230769227,7.769230769230769,0.981179375,5.0625,1.3990868749999998,7.5,0.97614435,5.05,1.4819131,7.6,1.305671,7.333333333333333,0.8176026666666668,4.666666666666667,1.33685825,7.5,0.70449525,4.25,1.2929046,6.8,0.8460122,4.6,1.3426221538461538,6.6923076923076925,1.265844076923077,6.307692307692308,1.439448625,6.75,1.246149125,6.4375,1.42290675,6.55,1.2795960000000002,7.0,2022,DEF
0,0,13,0,17.7,448,0.2949239909648895,0.22,0.0676497966051101,0.88,286,1,0,4.3,14.4,2023-04-03,90,8,0,0,0,0,29,0,1774946,1,1,1,11.0,2,-56406,14559,70965,53,False,0,Ivan Perišić,1055,2,1,0,0.0676497966051101,18,EVE,1070,1040,TOT,1210,1230,1.690503333333333,4.333333333333333,1.5502943333333332,7.0,1.6688774999999998,4.5,1.93001825,8.5,1.64332,5.4,1.9560886,7.8,1.245321453846154,4.538461538461538,1.7650129230769227,7.461538461538462,1.22015593125,5.0,1.83961675,7.9375,1.1221647300000002,4.85,1.77425875,7.75,1.6251433333333336,7.666666666666667,1.5704323333333334,7.0,1.45043575,7.0,1.2433945,6.5,1.4464326,7.2,1.0677502,5.8,1.2891044615384617,6.615384615384615,1.3276486923076924,6.769230769230769,1.459423625,6.6875,1.33310975,6.5,1.4420082500000002,6.75,1.281433,7.0,2022,DEF
1,0,19,0,35.7,448,0.1825840026140213,0.27,0.0647616982460022,1.28,299,1,0,10.2,47.0,2023-04-08,90,5,0,0,0,0,30,0,1775181,1,1,2,19.0,4,-7737,16862,24599,53,True,1,Ivan Perišić,1055,1,3,0,0.0647616982460022,18,BHA,1150,1200,TOT,1140,1170,2.347382333333333,9.666666666666666,1.2155133333333332,6.0,2.13900675,9.75,1.0608195,6.75,2.4111914,9.6,0.8986646,6.0,2.230237461538462,9.923076923076923,1.1768587692307693,4.461538461538462,2.161059,9.9375,1.1763496249999998,4.625,2.01319345,10.4,1.1778494,5.15,1.67044,8.333333333333334,1.6573950000000004,8.333333333333334,1.5668,8.0,1.3836655000000002,7.0,1.4387026,7.4,1.1593886,6.6,1.328180076923077,6.923076923076923,1.2177052307692309,6.769230769230769,1.40924675,6.625,1.3290992499999998,6.75,1.4730147,6.9,1.2776145,6.6,2022,DEF
1,0,26,0,41.5,448,0.8974090218544006,0.52,0.1534470021724701,0.94,308,3,0,8.7,21.8,2023-04-15,90,3,0,0,0,0,31,0,1829474,1,3,2,24.0,3,51541,65630,14089,53,True,1,Ivan Perišić,1055,3,3,0,0.1534470021724701,18,BOU,1110,1080,TOT,1140,1170,2.072573333333333,8.0,1.3223113333333334,8.0,1.679465,7.25,1.8554185,10.0,1.5638280000000002,6.0,1.9112648,10.4,1.3081917692307694,4.6923076923076925,1.9896537692307688,11.615384615384617,1.300112625,5.0625,1.8937921875,10.8125,1.2393085,5.05,1.89682625,10.2,1.2902129999999998,7.333333333333333,1.6065416666666668,9.666666666666666,1.40136475,8.0,1.61191875,8.75,1.3722678,7.8,1.4020304,7.6,1.3300843846153847,7.0,1.2375636923076925,7.0,1.3327954375000002,6.8125,1.329724875,6.9375,1.3780171500000002,6.85,1.32338705,7.1,2022,DEF
0,0,13,0,10.7,448,0.0830646678805351,0.04,0.021451286971569,3.64,320,6,0,2.7,15.0,2023-04-23,90,15,0,0,0,0,32,0,1842991,1,1,6,1.0,-1,7672,31168,23496,53,False,0,Ivan Perišić,1055,1,1,0,0.021451286971569,18,NEW,1250,1165,TOT,1210,1230,1.4297886666666664,8.666666666666666,1.60555,6.666666666666667,1.9052465,9.25,1.2876942500000002,6.25,2.0242512,10.4,1.1365524,5.6,1.6790875384615385,9.076923076923077,1.1550876923076925,5.615384615384615,1.733782375,8.6875,1.012708375,5.1875,1.7806469,8.85,0.9876257350000002,5.15,1.4306496666666666,8.0,1.1682783333333335,7.333333333333333,1.54416975,7.5,1.50640125,8.5,1.5822998,8.0,1.530731,8.0,1.3793843846153846,6.923076923076923,1.269752538461539,6.769230769230769,1.3156441875,6.875,1.29776675,6.875,1.46039285,6.9,1.29819955,6.85,2022,DEF
0,0,12,0,36.0,448,0.502569317817688,0.48,0.2737345993518829,1.94,325,2,0,10.4,22.4,2023-04-27,76,14,0,0,0,0,33,0,1787471,1,2,2,46.0,1,-49626,3678,53304,53,True,0,Ivan Perišić,1055,2,3,0,0.2737345993518829,18,MUN,1220,1220,TOT,1140,1170,2.9559166666666665,15.666666666666666,0.8823543333333334,3.6666666666666665,2.30046925,13.0,1.49467075,5.5,2.0225576,12.0,1.4318426,5.2,1.8630789230769231,9.538461538461538,1.5290715384615383,6.769230769230769,1.9861135,10.75,1.3513562499999998,5.875,1.9076990000000005,10.1,1.3052576500000002,5.65,1.2610599999999998,5.666666666666667,2.2222633333333337,9.0,1.2937374999999998,6.5,1.87253875,8.5,1.411936,6.4,2.002185,9.2,1.3157444615384617,6.461538461538462,1.419214076923077,7.076923076923077,1.3155950625,6.6875,1.4060598750000002,7.1875,1.4262864,6.65,1.44099555,6.9,2022,DEF
1,0,29,0,26.5,448,0.3033105731010437,0.32,0.0,2.0,338,3,0,7.5,42.4,2023-04-30,89,12,0,0,0,0,34,0,1718521,1,3,4,6.0,4,-63958,3522,67480,53,False,0,Ivan Perišić,1055,0,2,0,0.0,18,LIV,1180,1260,TOT,1210,1230,2.5622366666666667,12.0,0.9438313333333332,4.0,3.0817075000000003,13.75,1.091951,3.25,2.5058093999999995,12.6,1.3113667999999998,5.0,2.1675406153846155,10.461538461538462,1.3898548461538462,5.0,2.054526125,10.4375,1.5257814375,5.3125,2.1306824,9.9,1.5109497500000002,5.3,1.8538103333333336,4.0,2.38546,9.666666666666666,1.5388925,4.75,2.1579675,9.75,1.509468,5.6,1.891047,9.2,1.4086213846153846,6.0,1.3902463846153843,7.153846153846154,1.428283,6.4375,1.4527942500000002,7.5,1.4351759,6.25,1.4948729,7.35,2022,DEF
0,0,0,0,0.0,448,0.0,0.0,0.0,0.0,348,0,0,0.0,0.0,2023-05-06,0,7,0,0,0,0,35,0,1735227,0,0,1,0.0,0,8063,31260,23197,53,True,0,Ivan Perišić,1055,0,0,0,0.0,18,CRY,1110,1090,TOT,1140,1170,1.0891036666666667,7.666666666666667,1.1815406666666668,2.333333333333333,1.03259275,7.75,1.05576775,4.0,1.4714482,7.4,1.0487642,4.6,1.1596965384615383,5.307692307692308,1.1736413076923076,6.461538461538462,1.07514675,4.9375,1.2603685625,7.5,1.05008165,5.0,1.3777998,7.95,1.5682203333333335,2.333333333333333,2.79317,10.333333333333334,1.75267525,3.75,2.3963725,9.0,1.520968,4.4,2.212196,9.2,1.4436571538461538,5.6923076923076925,1.492994076923077,7.153846153846154,1.4147911249999998,6.0625,1.5553933125,7.4375,1.4167714,6.2,1.5430544,7.35,2022,DEF
0,0,5,0,14.8,448,0.0228769946843385,0.01,0.0,0.0,352,0,0,1.9,4.2,2023-05-13,1,2,0,0,0,0,36,0,1708817,0,1,2,0.0,1,-25811,8319,34130,53,False,0,Ivan Perišić,1055,0,1,0,0.0,18,AVL,1070,1070,TOT,1210,1230,0.925159,6.0,0.7305046666666666,5.0,1.1103742499999998,5.5,1.0557835,5.5,1.2719034,6.8,0.929644,5.6,1.4066875384615385,7.384615384615385,1.16405,6.230769230769231,1.326594125,7.6875,1.36955025,6.0625,1.3406318000000002,7.2,1.46422995,5.7,1.659436666666667,2.0,1.566953,7.666666666666667,1.4653277500000002,2.0,2.17154475,8.75,1.6334702,3.2,1.9784318000000003,8.0,1.4232702307692309,5.538461538461538,1.457065,7.076923076923077,1.38018675,5.625,1.446915125,7.1875,1.3455809,5.9,1.47252235,7.25,2022,DEF
0,0,2,0,1.1,448,0.0,0.01,0.0,0.67,368,1,0,0.1,0.2,2023-05-20,5,4,0,0,0,0,37,0,1682554,0,3,1,0.0,1,-24749,7797,32546,53,True,0,Ivan Perišić,1055,0,0,0,0.0,18,BRE,1160,1200,TOT,1140,1170,1.9767306666666664,5.0,1.0450016666666668,6.0,1.656384,4.5,1.08656125,7.0,1.7314312,5.0,1.202453,6.4,1.5920225384615383,5.0,1.3931047692307692,6.230769230769231,1.6155780000000002,6.5,1.3277591875,6.875,1.5465999,5.95,1.2566283,7.15,1.2636566666666669,3.333333333333333,1.511883,7.0,1.54084,3.0,1.62518225,8.25,1.4092722,2.8,2.0972098000000003,9.0,1.4284979230769232,5.6923076923076925,1.486895,7.384615384615385,1.3814405,5.5,1.41305325,7.125,1.36064405,5.95,1.44988435,7.4,2022,DEF
0,0,0,0,0.0,448,0.0,0.0,0.0,0.0,377,0,0,0.0,0.0,2023-05-28,0,24,0,0,0,0,38,0,1686403,0,4,1,0.0,0,665,17094,16429,53,False,0,Ivan Perišić,1055,0,0,0,0.0,18,LEE,1070,1130,TOT,1210,1230,0.9341406666666666,4.333333333333333,2.5553033333333333,12.666666666666666,1.034833,5.5,2.5457850000000004,11.5,1.2471564000000002,4.8,2.453816,10.6,1.1780426153846153,5.461538461538462,2.2802305384615384,8.615384615384615,1.1577271875,5.75,2.0547490625,7.875,1.15197145,5.55,1.85128425,7.4,1.3194566666666665,3.333333333333333,1.0866596666666668,6.333333333333333,1.35191,3.25,1.4222722499999998,6.5,1.556006,3.0,1.5308338,7.6,1.4428248461538462,5.307692307692308,1.5475309230769232,7.538461538461538,1.4203695625,5.25,1.4168063750000002,7.0,1.4130084,5.8,1.44668985,7.3,2022,DEF
0,0,8,0,16.3,507,0.1389056295156479,0.16,0.0,0.3,8,0,0,2.5,8.4,2023-08-13,15,4,0,0,0,0,1,0,257169,0,2,2,0.0,1,0,0,0,50,False,0,Ivan Perišić,1055,0,1,0,0.0,18,BRE,1110,1090,TOT,1150,1310,2.33936,8.0,1.0021573333333336,5.333333333333333,1.800493,6.75,1.249618,7.25,1.7045124,6.4,1.1876330000000002,6.4,1.4534002307692309,5.230769230769231,1.347863230769231,7.076923076923077,1.493673,5.875,1.377221375,6.125,1.4955454,6.45,1.2345663,6.65,1.6116233333333332,4.666666666666667,1.3816066666666666,7.0,1.49788,3.75,1.11287225,6.25,1.488158,3.6,1.3761198,6.4,1.5279661538461538,5.307692307692308,1.6190100769230769,7.615384615384615,1.4585864375,5.375,1.4429165625000002,7.0625,1.4314089,5.6,1.4668891000000002,7.2,2023,DEF
0,0,6,0,21.3,507,0.5789341926574707,0.44,0.0,0.35,18,0,0,3.3,3.6,2023-08-19,20,14,0,0,0,0,2,0,262482,0,0,2,8.0,1,-25897,11662,37559,50,True,0,Ivan Perišić,1055,0,2,0,0.0,18,MUN,1210,1230,TOT,1110,1230,3.213613333333333,16.0,1.76253,10.333333333333334,2.8396675,15.0,1.5258282499999998,9.75,2.89197,14.6,1.2744204,8.6,2.2652043846153846,13.307692307692308,1.4633556153846154,6.230769230769231,2.21517125,12.25,1.5652264374999998,6.625,2.0544578,11.2,1.58862905,6.7,1.7009933333333336,5.0,1.4175033333333331,7.333333333333333,1.5720074999999998,5.25,1.513095,8.0,1.488936,4.4,1.2718098000000002,7.2,1.5431415384615383,5.307692307692308,1.722478,8.23076923076923,1.4795908125,5.5625,1.4738840625,7.375,1.4185509,5.55,1.4601511,7.35,2023,DEF
0,0,2,0,3.3,507,0.0,0.06,0.090730957686901,0.16,22,0,0,1.5,3.4,2023-08-26,31,3,0,0,0,0,3,0,251525,0,2,0,8.0,0,-21134,18494,39628,50,False,1,Ivan Perišić,1055,1,0,0,0.090730957686901,18,BOU,1055,1145,TOT,1150,1310,1.109678,7.0,1.955736666666667,7.666666666666667,1.03618925,7.25,1.89626,8.75,0.8813558,6.8,1.797482,8.8,1.3483461538461536,7.153846153846154,1.6435436923076925,8.538461538461538,1.304536875,6.375,1.8386405,10.625,1.2781739,5.8,1.87086065,10.85,2.00845,8.0,1.84837,9.666666666666666,1.910505,6.75,1.6746374999999998,8.5,1.7654139999999998,6.6,1.699684,8.8,1.6050046153846154,5.461538461538462,1.7854003076923075,8.692307692307692,1.5488795625,5.8125,1.60393825,7.9375,1.4872534,5.75,1.4653701,7.4,2023,DEF
0,0,5,0,14.8,507,0.1043857336044311,0.03,0.0,0.62,34,1,0,2.4,7.6,2023-09-02,22,21,0,0,0,0,4,0,225412,0,5,2,2.0,1,-32174,15738,47912,49,False,0,Ivan Perišić,1055,0,1,0,0.0,18,BUR,1050,1040,TOT,1150,1310,0.4708185,6.0,2.618825,9.0,0.4708185,6.0,2.618825,9.0,0.4708185,6.0,2.618825,9.0,0.4708185,6.0,2.618825,9.0,0.4708185,6.0,2.618825,9.0,0.4708185,6.0,2.618825,9.0,2.08445,13.0,1.612394,9.666666666666666,2.071625,11.0,1.507173,8.75,1.980634,9.4,1.4364263999999998,8.0,1.63396,6.538461538461538,1.6286935384615384,8.23076923076923,1.632306875,6.75,1.6177695625,8.0,1.5506206500000002,6.4,1.4348797000000002,7.35,2023,DEF
1,0,13,0,15.5,507,0.3379036784172058,0.23,0.0392936393618583,0.01,48,0,0,4.3,18.6,2023-09-16,10,23,0,0,0,0,5,0,205817,0,1,2,9.0,3,-25672,8542,34214,49,True,1,Ivan Perišić,1055,1,1,0,0.0392936393618583,18,SHU,1020,1060,TOT,1110,1230,0.9627566666666666,4.0,2.6528533333333333,10.333333333333334,0.8277435,3.5,2.55868,10.0,0.8277435,3.5,2.55868,10.0,0.8277435,3.5,2.55868,10.0,0.8277435,3.5,2.55868,10.0,0.8277435,3.5,2.55868,10.0,2.3993466666666667,16.0,1.5318873333333334,8.333333333333334,2.1628,13.75,1.6258054999999998,9.0,2.13687,12.0,1.5389464,8.4,1.7113507692307692,7.076923076923077,1.6935146923076922,8.23076923076923,1.70368,7.3125,1.68674225,8.25,1.59942915,7.05,1.47949435,7.45,2023,DEF
0,0,0,0,0.0,507,0.0,0.0,0.0,0.0,51,0,0,0.0,0.0,2023-09-24,0,1,0,0,0,0,6,0,167208,0,2,2,0.0,0,-39776,2850,42626,49,False,0,Ivan Perišić,1055,0,0,0,0.0,18,ARS,1370,1330,TOT,1150,1310,1.9810716666666668,14.333333333333334,0.6996986666666666,3.0,2.03728625,12.5,0.7920640000000002,4.75,1.798353,11.8,0.8269122000000001,4.6,1.773182153846154,11.538461538461538,1.1873417692307693,5.230769230769231,1.838677375,10.625,1.3603195,6.125,1.91582135,12.2,1.287522415,5.65,2.272696666666667,19.0,0.9800923333333332,5.666666666666667,2.3392825,17.25,1.3465792499999998,7.25,2.162058,15.2,1.4587754,8.0,1.831731615384616,8.153846153846153,1.640835076923077,7.769230769230769,1.730196875,8.0,1.6344050625,8.125,1.65152915,7.9,1.4484231,7.35,2023,DEF
0,0,0,0,0.0,507,0.0,0.0,0.0,0.0,68,0,0,0.0,0.0,2023-09-30,0,12,0,0,0,0,7,0,127921,0,1,2,0.0,0,-38999,148,39147,48,True,0,Ivan Perišić,1055,0,0,0,0.0,18,LIV,1350,1390,TOT,1110,1230,3.23367,13.666666666666666,0.897705333333333,4.333333333333333,2.63928275,11.5,1.0783714999999998,4.5,2.7623222,11.4,1.1400372,5.2,2.277206846153846,11.615384615384617,1.0986166923076923,4.461538461538462,2.5141261875,12.125,1.1069045625,4.3125,2.31618735,11.55,1.24253775,5.15,2.2562,15.333333333333334,1.599865,5.0,2.2574375,16.5,1.32079425,5.25,2.313758,15.6,1.5458434,6.6,1.824471615384616,8.23076923076923,1.7282904615384616,7.6923076923076925,1.75063,8.1875,1.6232881875,7.625,1.6905911500000002,7.95,1.54730945,7.4,2023,DEF
0,0,0,0,0.0,507,0.0,0.0,0.0,0.0,77,0,0,0.0,0.0,2023-10-07,0,22,0,0,0,0,8,0,111945,0,1,0,0.0,0,-16873,222,17095,48,False,0,Ivan Perišić,1055,0,0,0,0.0,18,LUT,1020,1090,TOT,1150,1310,1.760596666666667,7.333333333333333,1.7789866666666667,5.666666666666667,1.6847100000000002,6.25,1.7735,6.5,1.7522560000000005,6.6,1.6638560000000002,6.4,1.5875658571428573,6.0,2.3001357142857146,9.428571428571429,1.5875658571428573,6.0,2.3001357142857146,9.428571428571429,1.5875658571428573,6.0,2.3001357142857146,9.428571428571429,2.1863266666666665,16.0,1.4188483333333333,5.0,2.2392075,16.0,1.48064625,5.5,2.243596,16.8,1.2812334,5.6,1.9248738461538464,9.461538461538462,1.5081112307692308,7.3076923076923075,1.80040875,8.75,1.6420147500000002,7.625,1.753687,8.6,1.5903449000000005,7.5,2023,DEF
0,0,0,0,0.0,507,0.0,0.0,0.0,0.0,90,0,0,0.0,0.0,2023-10-23,0,9,0,0,0,0,9,0,102831,0,0,2,0.0,0,-9633,160,9793,48,True,0,Ivan Perišić,1055,0,0,0,0.0,18,FUL,1180,1170,TOT,1110,1230,1.232727,8.333333333333334,0.8695930000000001,3.6666666666666665,1.36380525,8.5,1.01645725,3.5,1.3838982,7.6,1.2134698,4.4,1.334710923076923,7.615384615384615,1.889358307692308,7.846153846153846,1.2062843125,6.4375,1.7999385625000002,7.75,1.1449266000000002,6.55,1.90291685,8.15,2.259786666666667,14.0,1.4380026666666668,5.666666666666667,2.2346125,15.75,1.27616575,5.25,2.26726,15.8,1.3541406,5.6,1.9254184615384613,10.461538461538462,1.422191076923077,6.846153846153846,1.9119919375,9.25,1.602804,7.375,1.8098665,9.0,1.60462695,7.65,2023,DEF
0,0,0,0,0.0,507,0.0,0.0,0.0,0.0,96,0,0,0.0,0.0,2023-10-27,0,7,0,0,0,0,10,0,97572,0,2,1,0.0,0,-5428,95,5523,48,False,0,Ivan Perišić,1055,0,0,0,0.0,18,CRY,1080,1060,TOT,1150,1310,1.0868506666666666,3.0,2.169496666666667,12.333333333333334,0.908228,3.0,1.762792,11.5,0.9499744,3.8,1.8732696,12.0,1.223838538461539,6.769230769230769,1.3763387692307691,7.769230769230769,1.1985757499999998,6.9375,1.3398141250000002,6.75,1.3196895999999998,7.2,1.2435432,6.95,2.0676433333333333,15.333333333333334,0.9056486666666668,6.0,2.1036475,13.75,1.2649614999999998,5.5,2.114736,15.2,1.1701002,5.2,1.9397230769230769,11.23076923076923,1.2927086153846157,6.6923076923076925,1.8700663125,9.5625,1.574045125,7.375,1.804887,9.15,1.56051635,7.6,2023,DEF
0,0,0,0,0.0,507,0.0,0.0,0.0,0.0,110,0,0,0.0,0.0,2023-11-06,0,6,0,0,0,0,11,0,93324,0,4,1,0.0,0,-4350,155,4505,47,True,0,Ivan Perišić,1055,0,0,0,0.0,18,CHE,1150,1230,TOT,1110,1230,1.8040166666666668,11.333333333333334,1.4986406666666667,4.666666666666667,1.849165,10.5,1.3463262500000002,5.25,1.7187639999999995,10.0,1.304019,5.4,1.8531,12.076923076923077,1.5477412307692306,6.846153846153846,1.7277001875,11.75,1.63058475,7.0625,1.61610455,11.5,1.505457,6.9,1.6679343333333332,13.333333333333334,0.7185966666666667,4.666666666666667,1.79800825,14.5,0.8196949999999998,5.25,1.8807386,13.4,1.124336,5.0,1.926834846153846,12.076923076923077,1.3123366923076922,6.615384615384615,1.8766976875,10.1875,1.36007725,6.8125,1.76010565,9.45,1.46256955,7.15,2023,DEF
0,0,0,0,0.0,507,0.0,0.0,0.0,0.0,120,0,0,0.0,0.0,2023-11-11,0,20,0,0,0,0,12,0,90743,0,1,2,0.0,0,-2644,115,2759,47,False,0,Ivan Perišić,1055,0,0,0,0.0,18,WOL,1085,1115,TOT,1150,1310,1.4386543333333333,9.0,1.47997,3.6666666666666665,1.51957075,7.5,1.5640225,5.0,1.3504536000000005,6.2,1.4473679999999998,6.6,1.2833419230769232,6.153846153846154,2.088695384615385,10.384615384615383,1.1476418125,5.5625,2.210031875,10.4375,1.0813546,5.15,2.0469351,9.75,1.1944803333333331,9.666666666666666,1.788774,5.333333333333333,1.49072775,11.0,1.55361,5.5,1.6302282,12.4,1.4674859999999998,5.8,1.909454692307692,11.923076923076923,1.486089,6.461538461538462,1.7883675625,10.3125,1.490925375,6.5625,1.7384725499999998,9.2,1.6243338,7.2,2023,DEF
0,0,0,0,0.0,507,0.0,0.0,0.0,0.0,130,0,0,0.0,0.0,2023-11-26,0,2,0,0,0,0,13,0,88223,0,2,1,0.0,0,-2558,81,2639,47,True,0,Ivan Perišić,1055,0,0,0,0.0,18,AVL,1220,1350,TOT,1110,1230,2.422696666666667,15.333333333333334,0.5647696666666666,2.333333333333333,2.40238,13.75,0.5884827499999998,2.75,2.28514,12.8,0.8232502,2.8,2.117181,10.692307692307692,1.3688662307692308,5.615384615384615,2.0183926875,9.875,1.2940543125,5.6875,1.857611,9.25,1.22735195,5.85,0.7935086666666665,7.0,2.176441333333333,5.666666666666667,1.003939,8.5,1.8187905,5.5,1.2790452,9.8,1.624656,5.6,1.8183504615384607,12.076923076923077,1.5441966923076922,6.538461538461538,1.724807875,10.4375,1.4584085,6.5,1.73038135,9.1,1.6460013,7.0,2023,DEF
0,0,0,0,0.0,507,0.0,0.0,0.0,0.0,137,0,0,0.0,0.0,2023-12-03,0,13,0,0,0,0,14,0,86979,0,3,3,0.0,0,-1352,56,1408,47,False,0,Ivan Perišić,1055,0,0,0,0.0,18,MCI,1350,1360,TOT,1150,1310,2.4629833333333333,15.333333333333334,1.6272616666666666,5.333333333333333,2.983725,16.75,1.3991032499999998,5.0,2.5794818000000004,14.8,1.3120292,4.8,2.284777692307692,12.692307692307692,0.9261629230769232,4.461538461538462,2.1264937500000003,12.3125,1.04689925,5.1875,2.161223,12.3,0.9500585,4.4,1.2056143333333331,9.0,2.788346666666667,6.333333333333333,1.1514865,9.75,2.2317185,5.5,1.2482352,10.4,1.9345424,5.4,1.8331404615384617,13.076923076923077,1.636969,6.461538461538462,1.7916059999999998,11.5,1.5890885625000002,6.5625,1.72635035,9.6,1.7055798,7.0,2023,DEF
0,0,0,0,0.0,507,0.0,0.0,0.0,0.0,148,0,0,0.0,0.0,2023-12-07,0,19,0,0,0,0,15,0,86067,0,2,1,0.0,0,-940,36,976,47,True,0,Ivan Perišić,1055,0,0,0,0.0,18,WHU,1140,1150,TOT,1110,1230,1.5267499999999998,4.0,1.2837473333333331,4.333333333333333,1.5838249999999998,4.5,1.4201705000000002,5.5,1.3907756,4.6,1.282899,5.0,1.5436236153846157,4.846153846153846,1.918888615384616,8.846153846153847,1.5625543125,5.875,1.820735,8.75,1.4722528,5.15,2.0034815000000004,9.5,1.0302706666666668,8.666666666666666,2.40456,7.666666666666667,1.01248,7.5,2.8180825,7.75,1.0078045999999998,8.4,2.3668328,6.8,1.7546725384615385,12.76923076923077,1.7138713076923078,6.538461538461538,1.7446076874999998,11.3125,1.6583023125,6.6875,1.7038541500000002,9.65,1.6516783,7.0,2023,DEF
0,0,0,0,0.0,507,0.0,0.0,0.0,0.0,159,0,0,0.0,0.0,2023-12-10,0,15,0,0,0,0,16,0,85189,0,1,4,0.0,0,-877,35,912,47,True,0,Ivan Perišić,1055,0,0,0,0.0,18,NEW,1210,1355,TOT,1110,1230,2.1166066666666667,9.333333333333334,1.448221666666667,7.0,1.6639902500000003,7.75,1.78222625,7.0,1.5559021999999998,7.0,1.5328756,7.0,2.156241615384616,7.0,1.1338989230769232,5.846153846153846,2.1330853125,6.875,1.216950375,6.75,2.2008632500000003,7.9,1.17274431,6.15,1.423725666666667,15.0,2.34858,6.0,1.1758730000000002,12.5,2.238645,6.0,1.13252,10.8,2.602646,6.4,1.683414076923077,13.692307692307692,1.659629769230769,5.6923076923076925,1.7443583125,12.625,1.6950185625,6.4375,1.6658686499999995,10.75,1.6404693,6.45,2023,DEF
0,0,0,0,0.0,507,0.0,0.0,0.0,0.0,169,0,0,0.0,0.0,2023-12-15,0,16,0,0,0,0,17,0,84181,0,2,0,0.0,0,-1015,56,1071,47,False,0,Ivan Perišić,1055,0,0,0,0.0,18,NFO,1050,1080,TOT,1150,1310,0.7032513333333333,3.6666666666666665,1.580016333333333,8.333333333333334,1.084076,5.75,1.48949225,8.5,1.1515168,5.4,1.6043978,7.8,1.1441773846153849,5.307692307692308,1.5943047692307692,9.307692307692308,1.1357984375,5.25,1.571728125,9.1875,1.1815072,5.0,1.54779255,9.55,2.148979,13.0,2.08729,7.333333333333333,2.1680892500000004,14.25,2.164855,6.75,1.8209344,12.4,2.113652,6.6,1.848031769230769,13.076923076923077,1.7465603846153843,5.923076923076923,1.8923601875,13.0625,1.7214041875,6.625,1.81346415,11.2,1.5996978,6.55,2023,DEF
0,0,0,0,0.0,507,0.0,0.0,0.0,0.0,178,0,0,0.0,0.0,2023-12-23,0,8,0,0,0,0,18,0,83532,0,1,2,0.0,0,-672,40,712,47,True,0,Ivan Perišić,1055,0,0,0,0.0,18,EVE,1125,1080,TOT,1110,1230,2.0971166666666665,7.666666666666667,0.997529,7.666666666666667,1.7287847500000002,7.5,0.9164179999999996,7.25,1.8825558,8.0,1.1478024,7.0,1.7127001153846153,6.769230769230769,1.2189427692307693,8.0,1.72644978125,6.25,1.379181,7.875,1.749913325,6.05,1.320678,7.55,2.5404133333333334,15.333333333333334,1.686756666666667,6.0,2.0135792500000003,12.25,1.99189,7.5,2.0559474,13.4,2.073022,7.0,1.7872263846153846,12.615384615384617,1.7496103846153848,6.0,1.9019989375,13.25,1.7087873125,6.4375,1.83600065,11.65,1.6696488500000002,6.75,2023,DEF
0,0,0,0,0.0,507,0.0,0.0,0.0,0.0,184,0,0,0.0,0.0,2023-12-28,0,5,0,0,0,0,19,0,83102,0,2,4,0.0,0,-465,37,502,47,False,0,Ivan Perišić,1055,0,0,0,0.0,18,BHA,1070,1135,TOT,1150,1310,1.654018,13.0,1.8251566666666672,10.666666666666666,1.625761,14.5,1.6738850000000003,8.5,1.4716204000000002,14.2,1.6717160000000004,8.4,1.4225849230769232,10.0,1.5053614615384616,9.0,1.44559775,10.375,1.509194375,8.5,1.6999347,10.3,1.660472,8.25,2.527943333333333,10.666666666666666,1.76774,9.333333333333334,2.2991275,14.0,1.7610299999999997,7.25,1.9259174,11.8,1.990282,8.2,1.7423171538461537,11.76923076923077,1.841394615384616,6.538461538461538,1.8417633125,13.125,1.6799004375,6.375,1.85551165,11.85,1.67884785,6.8,2023,DEF
0,0,0,0,0.0,507,0.0,0.0,0.0,0.0,198,0,0,0.0,0.0,2023-12-31,0,3,0,0,0,0,20,0,82567,0,1,3,0.0,0,-548,52,600,47,True,0,Ivan Perišić,1055,0,0,0,0.0,18,BOU,1130,1075,TOT,1110,1230,1.981326666666667,7.333333333333333,0.7430436666666663,9.333333333333334,1.9359875,7.25,0.8733852500000001,9.25,2.0586640000000003,7.8,0.8777302,8.0,1.7073355384615383,7.846153846153846,1.577073,9.076923076923077,1.632139,7.625,1.7019824375,10.625,1.51294905,7.55,1.7408379500000002,10.25,1.7507333333333337,16.0,2.5121866666666666,8.0,2.413345,15.0,2.28756,8.25,2.253212,16.8,2.178228,6.8,1.7313856153846152,13.23076923076923,1.957096153846154,6.615384615384615,1.8297883125,13.625,1.8901153125,6.3125,1.87815565,13.1,1.81352685,6.8,2023,DEF
0,0,0,0,0.0,507,0.0,0.0,0.0,0.0,208,0,0,0.0,0.0,2024-01-14,0,14,0,0,0,0,21,0,81644,0,2,2,0.0,0,-926,83,1009,47,False,0,Ivan Perišić,1055,0,0,0,0.0,18,MUN,1130,1120,TOT,1150,1310,0.861147,6.666666666666667,1.3651326666666663,7.666666666666667,0.8040390000000002,6.75,1.5166269999999995,8.75,0.8658232,8.4,1.6081416000000002,8.2,1.3671402307692306,7.923076923076923,1.8741471538461536,8.538461538461538,1.3054454375,8.3125,1.7767866875,7.75,1.4649088,8.9,1.77799955,8.2,1.9316966666666664,17.0,2.4710533333333333,10.333333333333334,1.8506175,15.25,2.2797125,9.75,2.36073,14.6,2.146506,9.6,1.7284656153846154,12.846153846153848,1.9924269230769232,7.230769230769231,1.8143145625,13.4375,1.8848809375,6.8125,1.88401165,13.5,1.83306585,7.25,2023,DEF
0,0,0,0,0.0,507,0.0,0.0,0.0,0.0,216,0,0,0.0,0.0,2024-01-31,0,4,0,0,0,0,22,0,81105,0,2,3,0.0,0,-601,34,635,47,True,0,Ivan Perišić,1055,0,0,0,0.0,18,BRE,1055,1150,TOT,1110,1230,1.9409899999999995,8.333333333333334,1.57597,9.666666666666666,1.6549455,7.25,1.5485775,10.5,1.452884,7.2,1.4072572,9.6,1.7961115384615385,6.615384615384615,1.3577870000000003,9.76923076923077,1.7072355,6.6875,1.404236125,9.1875,1.83560345,7.55,1.37457885,8.6,1.84402,14.666666666666666,2.1175143333333333,8.666666666666666,1.7768325,13.5,2.08409825,9.25,1.742942,12.8,2.0084165999999994,9.0,1.646371,11.923076923076923,1.998205,7.230769230769231,1.7613864375,12.3125,1.8931670625,6.9375,1.8769656500000005,13.3,1.7838495,7.0,2023,DEF
0,0,0,0,0.0,507,0.0,0.0,0.0,0.0,227,0,0,0.0,0.0,2024-02-03,0,8,0,0,0,0,23,0,80904,0,2,2,0.0,0,-227,0,227,47,False,0,Ivan Perišić,1055,0,0,0,0.0,18,EVE,1125,1065,TOT,1150,1310,1.463150333333333,4.0,2.121086666666667,9.333333333333334,1.40618525,3.75,2.1616175,9.25,1.5217182,5.2,2.044348,9.4,1.5510146153846154,5.923076923076923,1.4549045384615384,8.307692307692308,1.69222203125,6.3125,1.4807106875,8.4375,1.725516125,6.2,1.4522638,8.0,2.2748166666666667,10.333333333333334,1.3672976666666667,11.333333333333334,2.2235,14.75,1.98722825,9.75,2.093854,13.8,1.9865526,10.0,1.7791948461538465,12.076923076923077,2.0636305384615388,7.846153846153846,1.8332789375,12.6875,1.8465089375,7.5,1.9181106500000005,13.45,1.741366,7.05,2023,DEF
0,0,0,0,0.0,507,0.0,0.0,0.0,0.0,238,0,0,0.0,0.0,2024-02-10,0,5,0,0,0,0,24,0,80477,0,1,2,0.0,0,-424,0,424,47,True,0,Ivan Perišić,1055,0,0,0,0.0,18,BHA,1180,1240,TOT,1110,1230,1.436556666666667,7.0,1.6718056666666667,4.0,1.6162175,9.5,1.49962925,4.0,2.0623780000000003,8.6,1.6136134000000002,8.8,1.570493153846154,10.615384615384617,1.5473187692307693,8.538461538461538,1.558248375,9.625,1.508779125,8.875,1.6033577,9.3,1.46312385,8.65,1.865517,8.333333333333334,1.9261376666666667,8.333333333333334,1.93670525,9.5,1.84017575,10.0,1.9632742,13.2,2.2415446,9.0,1.7740616153846154,11.692307692307692,2.2710902307692304,8.076923076923077,1.75416275,12.0,1.9799976875,7.4375,1.8511717,12.8,1.8801274,7.05,2023,DEF
0,0,0,0,0.0,507,0.0,0.0,0.0,0.0,250,0,0,0.0,0.0,2024-02-17,0,20,0,0,0,0,25,0,80019,0,2,1,0.0,0,-439,0,439,47,True,0,Ivan Perišić,1055,0,0,0,0.0,18,WOL,1105,1100,TOT,1110,1230,1.9412866666666664,7.333333333333333,2.4785766666666675,8.333333333333334,1.741255,6.5,2.2014575,10.25,1.921958,7.2,1.8650942,8.8,1.5780296923076922,5.923076923076923,1.7644467692307693,9.384615384615383,1.5518968125,6.5,1.711107375,8.3125,1.4284235500000002,5.9,1.7621333999999995,9.4,2.131197,11.666666666666666,2.11601,9.666666666666666,1.92645775,9.5,1.81781575,8.75,1.9712202,10.2,1.7707106,10.0,1.8625363846153848,12.384615384615383,2.073721,8.23076923076923,1.737275875,11.875,2.0202934375,7.6875,1.8367432,12.65,1.8714679,7.2,2023,DEF
0,0,0,0,0.0,507,0.0,0.0,0.0,0.0,270,0,0,0.0,0.0,2024-03-02,0,7,0,0,0,0,27,0,79363,0,1,3,0.0,0,-303,0,303,47,True,0,Ivan Perišić,1055,0,0,0,0.0,18,CRY,1120,1085,TOT,1110,1230,1.290107,5.666666666666667,1.2637938666666664,4.666666666666667,1.0278645,5.0,1.4293228999999998,4.25,1.0543116,5.6,1.29715172,4.8,1.190443076923077,6.153846153846154,1.6996268153846157,7.846153846153846,1.289980625,6.375,1.64884385,7.6875,1.2231038,5.7,1.6939547299999995,8.6,1.5431103333333336,13.0,2.1758566666666668,7.0,1.99781775,13.5,2.030985,8.5,1.8607022,11.4,1.8094346,8.0,1.9521798461538464,13.461538461538462,2.063495615384616,8.153846153846153,1.7349290000000002,12.25,2.0846729375,7.6875,1.8086727,12.55,1.92073065,7.25,2023,DEF
0,0,0,0,0.0,507,0.0,0.0,0.0,0.0,272,0,0,0.0,0.0,2024-03-10,0,2,0,0,0,0,28,0,79105,0,4,0,0.0,0,-266,0,266,47,False,0,Ivan Perišić,1055,0,0,0,0.0,18,AVL,1140,1180,TOT,1150,1310,2.3824800000000006,8.0,2.0355900000000005,6.333333333333333,2.4485475,8.5,2.13817,5.75,2.556868,7.8,2.016104,6.0,1.9877414615384608,9.692307692307692,1.6093423846153847,5.615384615384615,1.9996055625,8.875,1.646561625,6.4375,2.02794995,9.9,1.4906246,5.75,2.123153333333333,16.0,1.1822156666666668,5.666666666666667,1.82295775,13.75,1.7013642499999997,5.75,2.1307542,14.0,1.6803654,7.2,1.9858013846153844,13.307692307692308,1.900444615384615,7.923076923076923,1.8395163125,12.5,2.0669262500000003,7.625,1.8312147,12.9,1.81748,7.15,2023,DEF
0,0,0,0,0.0,507,0.0,0.0,0.0,0.0,286,0,0,0.0,0.0,2024-03-16,0,9,0,0,0,0,29,0,78893,0,0,3,0.0,0,-179,0,179,47,False,0,Ivan Perišić,1055,0,0,0,0.0,18,FUL,1050,1060,TOT,1150,1310,1.8186966666666664,9.666666666666666,1.46941,11.666666666666666,1.7185125,9.5,1.4953,9.25,1.72393,9.2,1.717464,11.6,1.4518156923076924,8.384615384615385,1.837542307692308,9.692307692307692,1.623030875,8.75,1.7758605625,9.1875,1.4549005000000002,7.95,1.7463222000000005,9.15,2.17133,14.666666666666666,1.095489,3.333333333333333,2.1558175000000004,14.25,1.1948292499999995,5.0,1.9091282,12.8,1.6076254,5.2,2.125857769230769,13.76923076923077,1.7716276923076923,7.230769230769231,1.9204351875,12.8125,1.8903025,7.3125,1.8344937,12.45,1.822964,6.95,2023,DEF
0,0,0,0,0.0,507,0.0,0.0,0.0,0.0,300,0,0,0.0,0.0,2024-03-30,0,22,0,0,0,0,30,0,78743,0,1,2,0.0,0,-183,0,183,47,True,0,Ivan Perišić,1055,0,0,0,0.0,18,LUT,1060,1120,TOT,1110,1230,1.577760666666667,3.333333333333333,2.68258,7.333333333333333,1.7916005000000002,3.25,2.5334000000000003,7.0,1.6245828,3.4,2.767324,8.8,1.838866615384616,5.153846153846154,2.3787684615384617,7.6923076923076925,1.5842333125,4.625,2.437824375,8.25,1.4273184,4.25,2.4848745,9.05,2.3539833333333333,13.0,1.3276323333333335,5.666666666666667,2.1649075,14.5,1.4397017499999998,5.5,2.153782,14.2,1.4503313999999998,6.4,2.1668546923076923,13.0,1.827892307692308,8.076923076923077,2.027518,13.375,1.92552125,7.6875,1.8228022000000004,12.4,1.9041751,7.25,2023,DEF
0,0,0,0,0.0,507,0.0,0.0,0.0,0.0,306,0,0,0.0,0.0,2024-04-02,0,19,0,0,0,0,31,0,78663,0,1,1,0.0,0,-88,0,88,47,False,0,Ivan Perišić,1055,0,0,0,0.0,18,WHU,1055,1150,TOT,1150,1310,1.3990046666666665,5.666666666666667,1.867268,14.333333333333334,1.5941234999999996,5.25,2.1806385,13.0,1.6890448,5.2,2.0118768,12.6,1.3975996153846153,3.769230769230769,2.085963846153846,13.076923076923077,1.3706859375,3.6875,1.967176,13.3125,1.41331375,3.85,1.8577749,11.75,2.288226666666666,15.0,1.3691373333333337,6.0,2.3817950000000003,15.25,1.0963247499999995,5.0,2.224972,16.0,1.2322418,5.0,2.0179354615384617,13.76923076923077,1.7347170769230769,7.615384615384615,2.042506125,13.625,1.8008244999999998,7.5625,1.8643022,12.85,1.8870033,7.15,2023,DEF
0,0,0,0,0.0,507,0.0,0.0,0.0,0.0,319,0,0,0.0,0.0,2024-04-07,0,16,0,0,0,0,32,0,78517,0,1,3,0.0,0,-139,0,139,47,True,0,Ivan Perišić,1055,0,0,0,0.0,18,NFO,1125,1080,TOT,1110,1230,1.561174,5.0,0.9325979999999996,5.666666666666667,1.342639,4.5,0.833078,4.5,1.2684044,5.0,0.9309804,6.0,1.4152023846153847,5.846153846153846,1.3185375384615383,8.923076923076923,1.3820710625,5.8125,1.35381425,8.5625,1.33263555,5.75,1.43305135,8.6,2.0017,19.33333333333333,1.4483040000000005,6.333333333333333,2.0647275,16.75,1.3943954999999997,5.5,2.1842820000000005,16.6,1.1710937999999995,4.8,2.001539307692308,14.692307692307692,1.7166001538461535,7.3076923076923075,2.1025781875,14.8125,1.7110045,7.0625,1.88455855,13.35,1.9324201000000003,7.2,2023,DEF
0,0,0,0,0.0,507,0.0,0.0,0.0,0.0,328,0,0,0.0,0.0,2024-04-13,0,15,0,0,0,0,33,0,78343,0,0,4,0.0,0,-172,0,172,47,False,0,Ivan Perišić,1055,0,0,0,0.0,18,NEW,1050,1160,TOT,1150,1310,2.5464766666666665,11.333333333333334,1.1758293333333336,6.666666666666667,2.0519662500000004,10.5,1.3276595000000002,6.0,2.308563,10.0,1.1636814,5.8,1.9453966923076924,9.0,2.147210153846154,9.307692307692308,2.0373779375,10.3125,2.162774625,8.6875,1.9627004,9.8,2.0866649500000003,8.35,1.8264133333333328,20.33333333333333,1.2912640000000002,3.333333333333333,1.90622,18.75,1.5865329999999995,5.5,1.975738,16.8,1.5157603999999998,5.0,2.004963153846154,15.23076923076923,1.7179363076923075,6.6923076923076925,2.1030219375,14.375,1.7272745,7.1875,1.91759215,14.0,1.8295486,6.95,2023,DEF
0,0,0,0,0.0,507,0.0,0.0,0.0,0.0,348,0,0,0.0,0.0,2024-04-28,0,1,0,0,0,0,35,0,78023,0,3,2,0.0,0,-125,0,125,47,True,0,Ivan Perišić,1055,0,0,0,0.0,18,ARS,1370,1360,TOT,1110,1230,2.3368,18.33333333333333,0.8989983333333331,3.333333333333333,2.793895,18.25,0.7813772500000002,4.0,2.463884,17.4,0.6835182,3.8,2.303040153846154,17.076923076923077,0.5761188461538461,3.1538461538461537,2.36929325,17.0,0.68143925,2.9375,2.29174765,16.25,0.6851868000000001,3.0,1.250535333333333,15.0,2.206563333333333,5.0,1.554209,16.75,1.7555229999999995,4.5,1.6724952000000002,16.2,1.8988864,6.0,1.9025051538461537,13.538461538461538,1.6641886153846153,6.923076923076923,1.8740479375,14.0,1.82318825,7.125,1.9328562,14.05,1.8915216,7.05,2023,DEF
0,0,0,0,0.0,507,0.0,0.0,0.0,0.0,255,0,0,0.0,0.0,2024-05-02,0,6,0,0,0,0,35,0,78023,0,0,2,0.0,0,-125,0,125,47,False,0,Ivan Perišić,1055,0,0,0,0.0,18,CHE,1080,1170,TOT,1150,1310,2.179456666666668,6.666666666666667,1.7629156666666663,10.0,1.76503975,6.5,1.75784925,9.0,2.1081278,8.2,1.7196514,8.6,2.071097769230769,9.846153846153848,1.8531742307692307,9.384615384615383,2.0614638125,9.9375,1.83978325,8.6875,2.05781965,9.75,1.7942795,8.3,1.6539853333333336,10.666666666666666,2.2214033333333334,6.0,1.5890465,13.5,2.033595,5.5,1.7642832,15.2,1.7073563999999997,5.0,1.9374520769230767,13.23076923076923,1.6589886153846152,6.307692307692308,1.9363729375,13.9375,1.81125075,7.0625,1.9518142,13.6,1.8473786,7.15,2023,DEF
0,0,0,0,0.0,507,0.0,0.0,0.0,0.0,357,0,0,0.0,0.0,2024-05-05,0,12,0,0,0,0,36,0,77903,0,2,4,0.0,0,-127,0,127,47,False,0,Ivan Perišić,1055,0,0,0,0.0,18,LIV,1210,1270,TOT,1150,1310,1.7296600000000006,17.666666666666668,1.1746616666666665,6.333333333333333,2.0584875,16.0,1.4131937499999998,6.25,2.533704,17.0,1.2934568,6.2,2.4967055384615384,14.76923076923077,1.2759484615384618,5.846153846153846,2.770301375,14.5625,1.1756788125,6.0,2.51670715,14.25,1.1529583,5.75,1.5376053333333333,8.666666666666666,2.2957700000000005,6.666666666666667,1.558149,10.75,2.2221325,5.75,1.5253652,13.0,2.07174,5.4,1.9342520769230769,13.846153846153848,1.7590722307692308,6.230769230769231,1.9173335625,14.0,1.826280125,6.6875,1.9936923500000003,14.0,1.8132301,6.8,2023,DEF
0,0,0,0,0.0,507,0.0,0.0,0.0,0.0,368,0,0,0.0,0.0,2024-05-11,0,21,0,0,0,0,37,0,77746,0,1,2,0.0,0,-149,0,149,47,True,0,Ivan Perišić,1055,0,0,0,0.0,18,BUR,1050,1050,TOT,1110,1230,1.8685366666666667,6.666666666666667,3.098853333333333,15.0,1.8644525,7.0,2.54650125,13.5,1.56096,6.8,2.1691698,12.6,1.3646849692307692,7.153846153846154,2.2040945384615385,11.538461538461538,1.3597846625,6.5625,2.047126,10.625,1.25383743,6.1,2.0484203,11.15,1.6824233333333334,9.666666666666666,2.333743333333334,11.333333333333334,1.4462165,8.75,2.5373825,10.5,1.4809291999999998,10.4,2.43015,9.0,1.765799,13.384615384615383,1.8872145384615384,6.923076923076923,1.8612398125000005,12.8125,1.789730125,7.75,1.9716608500000004,13.25,1.8892961,7.85,2023,DEF
0,0,0,0,0.0,507,0.0,0.0,0.0,0.0,339,0,0,0.0,0.0,2024-05-14,0,13,0,0,0,0,37,0,77746,0,2,0,0.0,0,-149,0,149,47,True,0,Ivan Perišić,1055,0,0,0,0.0,18,MCI,1360,1370,TOT,1110,1230,2.869887666666667,12.333333333333334,0.8862105000000001,2.6666666666666665,2.62868325,10.0,0.807663125,2.75,3.0314366,15.4,0.8080855000000001,2.6,2.587991769230769,17.0,0.9923370384615384,4.153846153846154,2.4493133125,15.5625,0.96558340625,3.875,2.43427465,15.0,0.991699275,3.8,1.8150233333333328,10.666666666666666,2.145623666666667,9.666666666666666,2.0124125,10.25,1.98789025,9.0,1.7574492,9.4,2.2199722,8.8,1.9257996923076923,13.76923076923077,1.7096392307692307,6.615384615384615,1.9144966875,12.75,1.7502326874999998,6.9375,1.90172085,13.25,1.85612865,7.5,2023,DEF
0,0,0,0,0.0,507,0.0,0.0,0.0,0.0,380,0,0,0.0,0.0,2024-05-19,0,23,0,0,0,0,38,0,77630,0,3,0,0.0,0,-113,0,113,47,False,0,Ivan Perišić,1055,0,0,0,0.0,18,SHU,1045,1020,TOT,1150,1310,1.5931543333333336,5.333333333333333,2.232353333333333,11.0,1.49615825,4.5,2.5525425,11.75,1.5925585999999998,5.4,2.52671,10.6,1.2621983846153846,4.384615384615385,2.218268384615385,11.615384615384617,1.29298225,4.6875,2.1718680625,10.8125,1.3914293,4.7,2.0675232,10.15,2.00576,8.666666666666666,2.3052870000000003,10.0,1.82198,9.25,2.28504525,8.75,1.9785,9.2,2.1309742,8.4,1.9053050769230768,13.153846153846152,1.802751538461539,6.307692307692308,1.9476598125,12.875,1.8614875,6.9375,1.91349435,13.0,1.90600965,7.4,2023,DEF
