assists,bonus,bps,clean_sheets,creativity,element,expected_assists,expected_goal_involvements,expected_goals,expected_goals_conceded,fixture,goals_conceded,goals_scored,ict_index,influence,kickoff_time,minutes,opponent_team,own_goals,penalties_missed,penalties_saved,red_cards,gameweek,saves,selected,starts,team_a_score,team_h_score,threat,total_points,transfers_balance,transfers_in,transfers_out,value,was_home,yellow_cards,Full_Name,Unique_ID,shots,key_passes,npg,npxG,own_team,opponent_short_name,opponent_attack,opponent_defense,own_short_name,own_attack,own_defense,opponent_xG_rolling_4,opponent_deep_rolling_4,opponent_xGA_rolling_4,opponent_deep_allowed_rolling_4,opponent_xG_rolling_16,opponent_deep_rolling_16,opponent_xGA_rolling_16,opponent_deep_allowed_rolling_16,team_xG_rolling_4,team_deep_rolling_4,team_xGA_rolling_4,team_deep_allowed_rolling_4,team_xG_rolling_16,team_deep_rolling_16,team_xGA_rolling_16,team_deep_allowed_rolling_16,season,position,modified
0,0,10,1,1.0,70,0.0,0.02,0.0149493999779224,0.66,2,0,0,2.7,22.2,2022-08-06,90,2,0,0,0,0,1,0,13415,1,0,2,4.0,2,0,0,0,55,True,1,Philip Billing,76,1,0,0,0.0149493999779224,3,AVL,1075,1130,BOU,1020,1050,0.9122812,6.8,1.601816,7.2,0.9122812,6.8,1.601816,7.2,0.2933296,3.0,2.0566310000000003,12.4,0.2933296,3.0,2.0566310000000003,12.4,2022,MID,
0,0,4,0,10.3,70,0.0267488993704319,0.01,0.0,0.13,17,1,0,1.3,2.4,2022-08-13,26,13,0,0,0,0,2,0,13851,0,0,4,0.0,1,-1439,791,2230,55,False,0,Philip Billing,76,0,1,0,0.0,3,MCI,1340,1360,BOU,1110,1080,2.58739,11.0,0.246188,2.0,2.58739,11.0,0.246188,2.0,0.588341,3.0,0.488895,11.0,0.588341,3.0,0.488895,11.0,2022,MID,
0,0,7,0,0.5,70,0.0,0.0,0.0,1.15,21,3,0,1.4,13.2,2022-08-20,64,1,0,0,0,0,3,0,11771,1,3,0,0.0,2,-2540,358,2898,54,True,0,Philip Billing,76,0,0,0,0.0,3,ARS,1250,1320,BOU,1020,1050,2.223355,11.5,0.9485245,6.5,2.223355,11.5,0.9485245,6.5,0.3561435,1.5,1.0897675,11.0,0.3561435,1.5,1.0897675,11.0,2022,MID,
0,0,4,0,1.0,70,0.0,0.0,0.0,1.42,36,4,0,0.8,6.8,2022-08-27,45,12,0,0,0,0,4,0,10099,0,0,9,0.0,1,-1954,232,2186,54,False,0,Philip Billing,76,0,0,0,0.0,3,LIV,1180,1260,BOU,1110,1080,2.03336,15.666666666666666,1.6435133333333332,4.666666666666667,2.03336,15.666666666666666,1.6435133333333332,4.666666666666667,0.307874,1.3333333333333333,1.2967816666666667,10.0,0.307874,1.3333333333333333,1.2967816666666667,10.0,2022,MID,
0,0,6,1,15.3,70,0.1205440014600753,0.11,0.0,0.7,42,0,0,2.4,5.0,2022-08-31,76,20,0,0,0,0,5,0,9008,1,0,0,4.0,3,-1290,165,1455,53,True,0,Philip Billing,76,0,2,0,0.0,3,WOL,1100,1080,BOU,1020,1050,0.973792,4.75,1.34425,7.0,0.973792,4.75,1.34425,7.0,0.27615325,2.0,2.18767375,12.0,0.27615325,2.0,2.18767375,12.0,2022,MID,
0,0,27,0,19.1,70,0.1188059970736503,0.09,0.0131551995873451,1.38,58,2,1,6.7,37.0,2022-09-03,89,16,0,0,0,0,6,0,8743,1,3,2,11.0,7,-511,487,998,53,False,0,Philip Billing,76,1,1,1,0.0131551995873451,3,NFO,1065,1030,BOU,1110,1080,1.105284,4.25,2.450685,8.5,0.9313922,3.8,2.332368,11.6,0.21957675,3.0,2.4485650000000003,12.75,0.2933295999999999,3.0,2.0566310000000003,12.4,2022,MID,
0,2,30,0,21.8,70,0.0788884982466697,0.4,0.6139289736747742,1.92,77,1,1,11.2,55.4,2022-09-17,90,15,0,0,0,0,8,0,12280,1,1,1,35.0,9,1333,2105,772,53,False,0,Philip Billing,76,2,2,1,0.6139289736747742,3,NEW,1250,1165,BOU,1110,1080,1.9241465,8.5,1.87202125,7.25,1.623273,10.0,1.5553766666666666,7.666666666666667,0.4148505,5.5,2.3581425,11.5,0.3952815,4.166666666666667,1.935350833333333,11.333333333333334,2022,MID,
0,0,2,1,2.2,70,0.0,0.06,0.0468560010194778,0.87,82,0,0,1.5,7.6,2022-10-01,90,4,0,0,0,0,9,0,53997,1,0,0,5.0,3,38103,45328,7225,53,True,0,Philip Billing,76,1,0,0,0.0468560010194778,3,BRE,1160,1200,BOU,1020,1050,1.7976500000000002,6.25,1.38705575,6.5,1.586148142857143,5.571428571428571,1.3998994285714286,7.0,0.60625375,6.5,2.317335,14.0,0.4783767142857143,4.285714285714286,1.879955,12.285714285714286,2022,MID,
0,3,31,0,16.0,70,0.058866798877716,0.43,0.1096749976277351,1.08,92,1,1,7.7,39.8,2022-10-08,76,11,0,0,0,0,10,0,57073,1,1,2,21.0,10,3447,14259,10812,53,True,0,Philip Billing,76,1,1,1,0.1096749976277351,3,LEI,1110,1120,BOU,1020,1050,1.1312365,5.75,1.7598075,7.75,0.98431225,6.0,1.746463375,6.375,0.7505379999999999,7.0,1.3637475,11.75,0.513345625,4.5,1.775710625,11.875,2022,MID,
1,0,23,0,13.3,70,0.4310869872570038,0.07,0.0,1.99,103,2,0,4.8,30.8,2022-10-15,79,9,0,0,0,0,11,0,101174,1,2,2,4.0,5,40943,46778,5835,53,False,0,Philip Billing,76,0,1,0,0.0,3,FUL,1070,1120,BOU,1110,1080,0.74117625,3.25,3.050595,10.5,1.135259111111111,3.7777777777777777,2.371138333333333,9.22222222222222,0.94725675,7.0,1.275945,10.25,0.583963888888889,4.777777777777778,1.7096594444444446,11.444444444444445,2022,MID,
0,0,5,0,5.4,70,0.0,0.11,0.12950000166893,0.89,112,1,0,5.2,15.6,2022-10-19,82,17,0,0,0,0,12,0,231650,1,1,0,31.0,2,76896,84987,8091,53,True,0,Philip Billing,76,2,0,0,0.12950000166893,3,SOU,1070,1080,BOU,1020,1050,0.7008847500000001,4.0,1.9465175,7.5,0.9848805,5.7,1.5591838,8.2,1.128069,5.5,1.3480525,10.75,0.6883965,4.7,1.7004315,11.1,2022,MID,
0,0,13,0,13.3,70,0.0490459017455577,0.07,0.0,1.9,129,2,0,2.8,12.6,2022-10-24,90,19,0,0,0,0,13,0,158835,1,0,2,2.0,2,-17718,12280,29998,53,False,0,Philip Billing,76,0,1,0,0.0,3,WHU,1145,1060,BOU,1110,1080,2.167465,5.75,0.97274375,6.25,1.4275665454545454,4.2727272727272725,1.1281289090909092,5.363636363636363,1.086445,6.25,1.2708525000000002,7.75,0.6994924545454545,5.0,1.658463181818182,10.636363636363637,2022,MID,
0,0,5,0,1.7,70,0.0,0.0,0.0,0.62,132,1,0,1.1,6.8,2022-10-29,62,18,0,0,0,0,14,0,131929,1,3,2,2.0,2,-27788,6728,34516,53,True,0,Philip Billing,76,0,0,0,0.0,3,TOT,1210,1230,BOU,1020,1050,1.37234675,7.0,1.074726,9.0,1.6245735,7.166666666666667,1.1662615,8.166666666666666,1.07952375,5.75,1.50364,7.25,0.7020716666666668,4.916666666666667,1.6850204166666665,10.333333333333334,2022,MID,
0,0,25,0,11.1,70,0.4084230065345764,0.25,0.1373839974403381,2.12,144,4,1,7.9,43.2,2022-11-05,87,24,0,0,0,0,15,0,116413,1,3,4,25.0,7,-16161,10137,26298,53,False,0,Philip Billing,76,2,1,1,0.1373839974403381,3,LEE,1070,1130,BOU,1110,1080,1.6983775,6.75,1.4652539999999998,6.5,1.4369871666666667,6.75,1.5118665,6.416666666666667,1.0141795,4.75,1.7569775,7.75,0.7163379230769231,4.769230769230769,1.724218846153846,10.307692307692308,2022,MID,
0,0,2,1,2.7,70,0.0,0.4,0.1813589930534362,0.78,151,0,0,4.3,13.0,2022-11-12,87,8,0,0,0,0,16,0,125566,1,0,3,27.0,3,7527,19088,11561,53,True,0,Philip Billing,76,3,0,0,0.1813589930534362,3,EVE,1100,1090,BOU,1020,1050,1.139869175,6.0,1.4408442499999998,8.5,1.1037316214285713,5.214285714285714,1.6373259285714286,8.214285714285714,0.996092,5.0,1.9089625,7.75,0.7763095,4.785714285714286,1.7600117857142856,10.142857142857142,2022,MID,
0,0,9,0,1.1,70,0.0,0.03,0.0389836989343166,1.49,164,2,0,2.1,10.8,2022-12-27,65,6,0,0,0,0,17,0,83322,1,0,2,9.0,2,-42445,19095,61540,53,False,0,Philip Billing,76,1,0,0,0.0389836989343166,3,CHE,1190,1140,BOU,1110,1080,0.7289599999999999,4.5,1.83762375,5.75,1.2008528571428572,7.142857142857143,1.5618555,4.428571428571429,1.407584,5.0,1.7914564999999998,8.0,0.8883168666666668,5.0,1.6939280666666667,9.933333333333334,2022,MID,
0,0,2,0,0.5,70,0.0,0.0,0.0,0.79,171,2,0,0.1,0.0,2022-12-31,37,7,0,0,0,0,18,0,82456,1,2,0,2.0,1,-1391,7126,8517,53,True,0,Philip Billing,76,0,0,0,0.0,3,CRY,1110,1090,BOU,1020,1050,0.9011385,5.25,1.37184975,6.5,1.0479242,4.333333333333333,1.5306146666666665,9.733333333333333,1.33574075,5.0,1.7756139999999998,8.0,0.8604889375,4.9375,1.7076688125,9.75,2022,MID,
0,0,0,0,12.5,70,0.0915421992540359,0.18,0.3515290021896362,1.29,189,2,0,4.6,8.4,2023-01-03,75,14,0,0,0,0,19,0,63871,1,0,3,25.0,1,-18262,411,18673,53,False,1,Philip Billing,76,2,1,0,0.3515290021896362,3,MUN,1140,1165,BOU,1110,1080,2.1194472500000003,12.75,0.83637275,3.75,1.65202575,9.3125,1.1505016875,7.25,1.3378122500000005,6.25,1.665124,7.5,0.8797063125,5.25,1.786652875,9.5625,2022,MID,
0,0,14,0,42.3,70,0.1653939932584762,0.24,0.0374168008565902,1.47,192,2,0,8.1,17.8,2023-01-14,90,4,0,0,0,0,20,0,55935,1,0,2,21.0,2,-8214,1630,9844,52,False,0,Philip Billing,76,2,3,0,0.0374168008565902,3,BRE,1100,1130,BOU,1110,1080,2.2890525,5.0,1.4332967500000002,13.75,1.68732625,6.0,1.5881255,9.5,1.11858275,5.5,1.8522515,8.75,0.9143985625,5.375,1.86685225,9.6875,2022,MID,
0,0,0,0,0.0,70,0.0,0.0,0.0,0.0,202,0,0,0.0,0.0,2023-01-21,0,16,0,0,0,0,21,0,56342,0,1,1,0.0,0,-168,5762,5930,52,True,0,Philip Billing,76,0,0,0,0.0,3,NFO,1100,1105,BOU,1020,1050,1.10966625,5.5,1.2356302500000005,8.75,1.052627,4.5,1.6426474375,9.0625,0.5717985,4.0,1.9846,7.75,0.9180203125,5.4375,1.841061,9.375,2022,MID,
0,0,13,1,6.3,70,0.0,0.03,0.0173016991466283,2.22,213,0,0,2.2,6.8,2023-02-04,65,5,0,0,0,0,22,0,42428,1,0,1,9.0,3,-13663,77,13740,51,False,0,Philip Billing,76,1,0,0,0.0173016991466283,3,BHA,1140,1200,BOU,1110,1080,2.0023675,9.5,1.75949,4.75,1.79676075,9.625,1.402470875,6.125,0.9124035,5.5,1.900015,7.25,1.0195515,5.8125,1.635754125,8.5625,2022,MID,
0,0,12,0,2.6,70,0.0,0.1,0.0751762017607688,1.27,222,1,0,1.6,9.4,2023-02-11,90,15,0,0,0,0,23,0,39962,1,1,1,4.0,2,-2762,325,3087,51,True,0,Philip Billing,76,1,0,0,0.0751762017607688,3,NEW,1300,1220,BOU,1020,1050,1.3986882500000002,9.0,0.89299325,4.75,1.9837683125,9.875,0.84001948125,4.6875,0.91552325,4.0,2.101095,9.0,1.0536929375,5.5,1.699785375,8.625,2022,MID,
0,0,9,1,1.6,70,0.0,0.01,0.0,1.16,240,0,0,2.2,20.2,2023-02-18,90,20,0,0,0,0,24,0,38847,1,1,0,0.0,2,-1224,463,1687,51,False,1,Philip Billing,76,0,0,0,0.0,3,WOL,1100,1060,BOU,1110,1080,1.13111,4.0,1.66665875,9.25,0.9289160625,4.75,1.57539375,7.8125,1.13191275,4.5,1.74477,7.25,1.093664125,5.125,1.713509125,8.625,2022,MID,
0,0,2,0,11.9,70,0.0303051006048917,0.03,0.0151954004541039,1.89,241,4,0,2.3,3.6,2023-02-25,58,13,0,0,0,0,25,0,38121,1,4,1,7.0,1,-722,1031,1753,51,True,0,Philip Billing,76,1,1,0,0.0151954004541039,3,MCI,1340,1380,BOU,1020,1050,2.30042175,8.75,1.1314419999999998,4.25,2.1290498125,12.1875,1.04826393125,4.5,1.352777,5.0,1.6480862500000002,9.25,1.104651125,5.0625,1.6737488125,8.1875,2022,MID,
0,3,40,0,17.6,70,0.6177520155906677,0.92,0.5496259927749634,2.6,251,3,1,9.4,57.2,2023-03-04,90,1,0,0,0,0,26,0,37741,1,2,3,19.0,10,-575,1070,1645,51,False,0,Philip Billing,76,1,1,1,0.5496259927749634,3,ARS,1250,1240,BOU,1110,1080,2.08811225,11.5,0.9921270750000002,4.0,1.9688184375,10.8125,1.06270570625,5.25,1.172722,3.5,1.99974125,11.75,1.1250975,4.9375,1.7947525625,8.5625,2022,MID,
0,3,30,1,2.4,70,0.0,0.34,0.3601100146770477,1.67,261,0,1,6.6,45.0,2023-03-11,69,12,0,0,0,0,27,0,41928,1,0,1,19.0,10,3887,5788,1901,51,True,1,Philip Billing,76,1,0,1,0.3601100146770477,3,LIV,1250,1300,BOU,1020,1050,2.41533,9.25,1.0904895,3.25,2.123678125,9.6875,1.6343300625,4.875,1.381315,3.75,1.97619875,15.75,1.1622075,4.6875,1.8748488125,10.0,2022,MID,
0,0,10,0,5.3,70,0.0,0.22,0.1212769970297813,3.18,272,3,0,2.4,5.4,2023-03-18,90,2,0,0,0,0,28,0,212276,1,0,3,13.0,1,125191,133159,7968,51,False,1,Philip Billing,76,2,0,0,0.1212769970297813,3,AVL,1070,1070,BOU,1110,1080,1.31952925,6.25,1.67500025,6.5,1.2484511875,6.0625,1.892684125,6.375,1.27049,3.0,2.1227287500000003,17.25,1.129269375,4.5,1.9071781875,10.25,2022,MID,
0,0,21,0,27.8,70,0.4726020097732544,0.64,0.5291640162467957,0.84,282,1,0,8.9,22.6,2023-04-01,90,9,0,0,0,0,29,0,170522,1,1,2,39.0,2,1242,29199,27957,52,True,0,Philip Billing,76,1,2,0,0.5291640162467957,3,FUL,1065,1140,BOU,1020,1050,0.8577442499999999,3.5,2.19949425,10.75,1.29554375,5.0625,1.7345700625,7.375,1.10734,3.25,2.75856,18.5,1.109874875,4.3125,2.0456756875,10.875,2022,MID,
0,0,12,0,11.8,70,0.0938694030046463,0.01,0.0,1.82,62,1,0,2.7,13.0,2023-04-04,84,5,0,0,0,0,29,0,170522,1,2,0,2.0,2,1242,29199,27957,52,True,0,Philip Billing,76,0,1,0,0.0,3,BHA,1150,1200,BOU,1020,1050,2.35550925,8.75,0.8350257500000001,5.75,2.029478375,9.4375,1.22067275,5.0625,1.6211575,4.75,2.16330725,16.25,1.2605059375,4.6875,1.959669375,10.8125,2022,MID,
0,3,37,1,31.3,70,0.4789080023765564,0.72,0.5181670188903809,0.68,295,0,1,10.7,49.4,2023-04-08,90,11,0,0,0,0,30,0,141887,1,1,0,26.0,11,-27670,3132,30802,52,False,0,Philip Billing,76,5,2,1,0.5181670188903809,3,LEI,1065,1200,BOU,1110,1080,1.163319,3.75,1.2268867500000002,9.5,1.26960845625,5.0625,1.5469116875,8.1875,1.473795,5.75,2.2060897500000003,11.75,1.277111375,4.9375,1.987126875,11.0,2022,MID,
0,0,11,0,4.3,70,0.0,0.02,0.0,1.74,308,1,0,1.0,4.0,2023-04-15,78,18,0,0,0,0,31,0,158892,1,3,2,2.0,2,16147,24708,8561,52,False,0,Philip Billing,76,0,0,0,0.0,3,TOT,1140,1170,BOU,1110,1080,1.40136475,8.0,1.61191875,8.75,1.3327954375000002,6.8125,1.329724875,6.9375,1.679465,7.25,1.8554185,10.0,1.300112625,5.0625,1.8937921875,10.8125,2022,MID,
0,0,12,0,21.1,70,0.0475495383143425,0.11,0.0207200814038515,2.34,312,4,0,3.5,8.4,2023-04-23,90,19,0,0,0,0,32,0,193702,1,4,0,5.0,2,24948,33327,8379,52,True,0,Philip Billing,76,1,1,0,0.0207200814038515,3,WHU,1150,1110,BOU,1020,1050,1.3576524999999997,3.5,1.58337875,8.25,1.3112702500000002,4.4375,1.4434035625,7.5625,1.855925,7.25,1.5682435,8.0,1.221960125,4.875,1.9898724375,10.875,2022,MID,
0,0,13,1,14.5,70,0.0376407355070114,0.25,0.1934307962656021,0.51,330,0,0,4.2,12.8,2023-04-27,90,17,0,0,0,0,33,0,164313,1,1,0,15.0,3,-19555,5605,25160,52,False,0,Philip Billing,76,3,1,0,0.1934307962656021,3,SOU,1070,1060,BOU,1110,1080,0.7300352500000001,4.0,1.9306925,11.25,0.897841125,4.625,1.514859375,8.25,1.31446175,6.75,2.04878625,8.5,1.2551861875,5.125,2.0279624375000003,10.9375,2022,MID,
1,0,9,0,14.2,70,0.0339406952261924,0.8,0.7073615193367004,1.23,332,1,0,6.0,6.2,2023-04-30,61,24,0,0,0,0,34,0,134583,1,1,4,40.0,5,-24616,9574,34190,52,True,0,Philip Billing,76,2,1,0,0.7073615193367004,3,LEE,1075,1120,BOU,1020,1050,1.339875,3.75,2.3513,6.75,1.1812560625,5.5625,1.6776590625,6.375,1.27329525,6.25,1.50956475,6.5,1.2609821250000002,4.9375,1.9482370625,10.75,2022,MID,
0,0,8,0,12.1,70,0.0237028282135725,0.42,0.1119316816329956,1.23,341,2,0,3.1,7.4,2023-05-06,82,6,0,0,0,0,35,0,144723,1,3,1,11.0,2,3647,17264,13617,52,True,0,Philip Billing,76,1,1,0,0.1119316816329956,3,CHE,1220,1220,BOU,1020,1050,0.818765,9.5,1.65019175,7.5,1.47971975,9.125,1.1360081875,5.125,1.42161275,6.5,1.660801,7.5,1.375870125,5.3125,1.8459295625,10.5,2022,MID,
0,0,2,0,12.9,70,0.0625627785921096,0.03,0.0,1.43,355,2,0,1.7,2.2,2023-05-13,59,7,0,0,0,0,36,0,129905,1,0,2,2.0,1,-14495,7572,22067,51,False,0,Philip Billing,76,0,1,0,0.0,3,CRY,1110,1060,BOU,1110,1080,0.893495,6.75,1.175318,2.0,1.068479875,5.0,1.2455110625,6.8125,1.42450525,7.5,1.526421,8.75,1.4351368125,5.75,1.8753276875,11.125,2022,MID,
0,0,0,0,0.0,70,0.0,0.0,0.0,0.0,361,0,0,0.0,0.0,2023-05-20,0,14,0,0,0,0,37,0,116172,0,1,0,0.0,0,-12376,4984,17360,50,True,0,Philip Billing,76,0,0,0,0.0,3,MUN,1220,1220,BOU,1020,1050,1.7305075,12.25,1.1423092499999998,4.5,1.858155375,10.25,1.60432925,5.9375,1.246339,6.75,1.2462085,9.0,1.3386700625,5.4375,1.8645108125,11.375,2022,MID,
0,0,15,0,0.0,70,0.0090819532051682,0.04,0.0,1.0,376,1,0,0.0,0.0,2023-05-28,90,8,0,0,0,0,38,0,98162,1,0,1,0.0,2,-18361,736,19097,50,False,0,Philip Billing,76,0,1,0,0.0,3,EVE,1070,1040,BOU,1110,1080,2.4711100000000004,7.25,2.2237925,9.0,1.5792105625,5.6875,2.0273364375,8.5625,1.20313125,7.5,1.5564075000000002,10.75,1.332884125,5.8125,1.8120651875,11.1875,2022,MID,
0,0,13,0,17.1,63,0.0249533932656049,0.13,0.0814730152487754,1.07,3,1,0,4.7,16.2,2023-08-12,90,19,0,0,0,0,1,0,68285,1,1,1,14.0,2,0,0,0,55,True,0,Philip Billing,76,2,1,0,0.0814730152487754,3,WHU,1140,1150,BOU,1055,1145,1.3549634999999998,7.25,2.073967,9.5,1.4124753125,4.875,1.8686949375,9.3125,0.6818447500000001,6.5,1.5045125,9.5,1.263353125,5.8125,1.7858651875,11.0625,2023,MID,
0,0,5,0,3.8,63,0.0,0.48,0.4425742924213409,3.08,14,3,0,2.7,15.8,2023-08-19,90,12,0,0,0,0,2,0,62779,1,1,3,7.0,2,-8971,1980,10951,55,False,0,Philip Billing,76,2,0,0,0.4425742924213409,3,LIV,1210,1270,BOU,1130,1075,1.998187,13.0,1.3172989999999998,5.0,2.200877875,11.5625,1.2460861875,5.0625,0.7550197500000002,6.5,1.4332325,8.25,1.2856975000000002,6.125,1.82161425,10.875,2023,MID,
0,0,7,0,31.4,63,0.1390605121850967,0.32,0.1452518701553344,1.83,22,2,0,8.1,14.0,2023-08-26,85,18,0,0,0,0,3,0,55664,1,2,0,36.0,2,-8581,2844,11425,54,True,0,Philip Billing,76,3,3,0,0.1452518701553344,3,TOT,1150,1310,BOU,1055,1145,1.910505,6.75,1.6746374999999998,8.5,1.5488795625,5.8125,1.60393825,7.9375,1.03618925,7.25,1.89626,8.75,1.304536875,6.375,1.8386405,10.625,2023,MID,
0,0,14,0,28.6,63,0.0974550023674964,0.11,0.0897408425807952,3.29,32,2,0,5.3,17.8,2023-09-02,90,4,0,0,0,0,4,0,49796,1,2,2,7.0,2,-6630,3143,9773,54,False,0,Philip Billing,76,2,2,0,0.0897408425807952,3,BRE,1110,1090,BOU,1130,1075,1.94084525,10.25,1.02503975,7.75,1.576165875,6.0625,1.2772431875,7.0,0.9531540000000002,6.75,2.03209,10.75,1.225843875,6.5625,1.826038,9.9375,2023,MID,
0,0,12,1,11.0,63,0.133680522441864,0.31,0.2616294324398041,1.71,42,0,0,3.2,12.2,2023-09-17,90,6,0,0,0,0,5,0,43023,1,0,0,9.0,3,-7352,1171,8523,53,True,0,Philip Billing,76,2,1,0,0.2616294324398041,3,CHE,1150,1230,BOU,1055,1145,2.3100875,13.75,1.1571302500000002,4.5,1.6632506875,11.9375,1.5422774375,6.5625,1.3726655,7.0,2.51772,13.5,1.288897,6.8125,1.884613,10.125,2023,MID,
0,0,3,0,3.8,63,0.0,0.05,0.0424246080219745,1.75,53,3,0,1.9,6.6,2023-09-24,81,5,0,0,0,0,6,0,40344,1,1,3,9.0,2,-3119,1125,4244,53,False,0,Philip Billing,76,1,0,0,0.0424246080219745,3,BHA,1070,1135,BOU,1130,1075,1.947895,12.5,1.8164052500000003,6.25,2.2496333125000003,10.75,1.7461759375,7.125,1.3263905000000002,7.0,2.4960625000000003,15.75,1.340460125,7.0625,1.755989875,10.1875,2023,MID,
0,0,6,0,2.8,63,0.0,0.17,0.1533472090959549,2.8,62,3,0,2.1,4.4,2023-09-30,74,1,0,0,0,0,7,0,38643,1,4,0,14.0,2,-1888,1970,3858,53,True,0,Philip Billing,76,2,0,0,0.1533472090959549,3,ARS,1370,1360,BOU,1055,1145,2.07152875,11.75,1.0776890000000003,4.5,1.889128625,10.0625,1.424052,6.375,1.3771755,6.0,2.218775,15.0,1.243541375,6.6875,1.8525074375,10.3125,2023,MID,
0,0,12,0,13.3,63,0.0491893999278545,0.28,0.0891391411423683,2.71,75,3,0,4.9,21.0,2023-10-07,90,8,0,0,0,0,8,0,41321,1,0,3,15.0,2,2115,6652,4537,53,False,0,Philip Billing,76,1,1,0,0.0891391411423683,3,EVE,1125,1065,BOU,1130,1075,2.297655,6.75,1.3654562499999998,5.5,1.86351925,5.875,1.909740375,7.8125,1.41739075,7.75,2.6720375,13.75,1.2117428125,7.0625,1.9425249375,10.4375,2023,MID,
1,1,22,0,23.4,63,0.6790055632591248,0.54,0.0104164350777864,2.06,82,2,0,7.1,38.6,2023-10-21,90,20,0,0,0,0,9,0,37011,1,2,1,9.0,6,-4277,1690,5967,52,True,0,Philip Billing,76,1,2,0,0.0104164350777864,3,WOL,1105,1100,BOU,1055,1145,0.9345305,3.5,1.9662375,13.75,1.0443735,4.5625,2.23021775,10.625,1.1352912500000003,9.75,2.6952800000000003,12.0,1.1528535625,7.4375,2.094578375,10.625,2023,MID,
0,2,27,0,16.8,63,0.0929182916879654,0.16,0.0417304076254367,0.28,93,1,1,7.9,44.4,2023-10-28,81,21,0,0,0,0,10,0,41091,1,1,2,18.0,8,3466,6498,3032,52,True,1,Philip Billing,76,2,1,1,0.0417304076254367,3,BUR,1050,1050,BOU,1055,1145,0.8429565000000001,4.0,2.4370625,9.0,0.8580664444444444,4.888888888888889,2.1033131111111114,9.77777777777778,1.0586012500000002,8.75,2.9222225,11.5,1.1411291874999998,7.4375,2.094484625,11.0625,2023,MID,
0,0,5,0,10.7,63,0.0969649702310562,0.04,0.0,1.1,106,4,0,1.4,2.8,2023-11-04,70,13,0,0,0,0,11,0,40707,1,1,6,0.0,1,-551,4957,5508,52,False,1,Philip Billing,76,0,1,0,0.0,3,MCI,1350,1360,BOU,1130,1075,1.83682,12.0,0.684726,4.5,2.094508125,11.8125,0.85547325,4.375,0.9362712500000002,9.75,2.6115275,10.5,1.14899375,7.4375,1.99319275,10.8125,2023,MID,
0,0,0,0,0.0,63,0.0,0.0,0.0,0.0,113,0,0,0.0,0.0,2023-11-11,0,15,0,0,0,0,12,0,39552,0,0,2,0.0,0,-1259,1859,3118,52,True,0,Philip Billing,76,0,0,0,0.0,3,NEW,1210,1355,BOU,1055,1145,2.2888575,5.5,0.85454025,5.0,2.3350815,7.9375,1.020373825,5.9375,0.9359422500000004,8.0,2.19285,11.25,1.1274045625,7.5,2.11334625,11.625,2023,MID,
0,0,0,0,20.9,63,0.1285571604967117,0.14,0.1415334939956665,0.41,129,1,0,3.0,1.4,2023-11-25,24,23,0,0,0,0,13,0,38942,0,3,1,8.0,0,-910,3062,3972,52,False,1,Philip Billing,76,1,2,0,0.1415334939956665,3,SHU,1045,1020,BOU,1130,1075,0.8462213499999999,6.0,1.6827175,6.0,0.7691427000000001,4.333333333333333,2.4747108333333334,10.083333333333334,1.3865692500000002,6.5,1.47818025,10.0,1.1440926875,7.4375,2.0489231875,11.25,2023,MID,
0,0,4,0,14.5,63,0.0984135195612907,0.05,0.0,0.11,132,1,0,2.1,4.0,2023-12-03,20,2,0,0,0,0,14,0,36441,0,2,2,2.0,1,-2461,853,3314,52,True,0,Philip Billing,76,0,1,0,0.0,3,AVL,1220,1350,BOU,1055,1145,2.41641,12.75,0.9799322499999996,6.25,2.0743908125,9.75,1.3827649375000002,6.6875,1.91690925,7.0,1.106102,8.0,1.2642301875000002,7.3125,1.989404875,10.875,2023,MID,
1,0,15,0,11.1,63,0.586500883102417,0.36,0.0,0.25,143,0,0,3.3,17.6,2023-12-06,28,7,0,0,0,0,15,0,35474,0,2,0,4.0,4,-1051,893,1944,52,False,0,Philip Billing,76,0,1,0,0.0,3,CRY,1080,1060,BOU,1130,1075,1.537903,7.25,1.35823825,6.5,1.30714425,6.6875,1.43098675,8.3125,2.2791217500000003,7.5,1.1042420000000002,7.75,1.4071894375,7.625,1.957701125,10.5,2023,MID,
0,0,27,0,14.8,63,0.1417439877986908,0.51,0.8875348567962646,0.37,157,0,1,9.2,42.4,2023-12-09,32,14,0,0,0,0,16,0,34885,0,3,0,35.0,6,-670,1189,1859,52,False,0,Philip Billing,76,1,1,1,0.8875348567962646,3,MUN,1130,1120,BOU,1130,1075,2.3191385,6.5,2.03975375,9.25,1.732295,9.375,1.8375595625,8.1875,2.5683325000000004,7.75,0.8204720000000002,5.5,1.468704875,7.5625,1.929362375,10.3125,2023,MID,
1,0,11,0,5.3,63,0.0,0.08,0.0702829957008361,0.71,177,2,0,2.7,1.2,2023-12-23,80,16,0,0,0,0,18,0,40616,1,3,2,20.0,5,-2283,1480,3763,52,False,0,Philip Billing,76,3,0,0,0.0702829957008361,3,NFO,1050,1080,BOU,1130,1075,0.953861,4.75,1.5868572499999998,8.75,1.18201,5.5,1.619525625,9.25,2.3658225,7.5,1.0221767500000003,8.5,1.565087125,7.6875,1.92833925,11.0,2023,MID,
0,0,5,0,12.6,63,0.0938772335648536,0.08,0.0,0.0,182,0,0,2.1,4.2,2023-12-26,17,9,0,0,0,0,19,0,48864,0,0,3,4.0,1,7492,9320,1828,52,True,0,Philip Billing,76,0,1,0,0.0,3,FUL,1180,1170,BOU,1055,1145,1.783668,10.0,1.47453225,7.5,1.3771322499999998,7.25,1.6260058125,8.1875,2.0535525000000003,7.5,1.0160715000000002,7.75,1.588863375,7.5625,1.885114625,10.75,2023,MID,
0,0,3,0,1.9,63,0.0,0.01,0.0,1.44,198,2,0,1.0,1.6,2023-12-31,29,18,0,0,0,0,20,0,41918,0,1,3,6.0,1,-6561,1545,8106,52,False,0,Philip Billing,76,0,0,0,0.0,3,TOT,1110,1230,BOU,1130,1075,2.413345,15.0,2.28756,8.25,1.8297883125,13.625,1.8901153125,6.3125,1.9359875,7.25,0.8733852500000001,9.25,1.632139,7.625,1.7019824375,10.625,2023,MID,
0,0,3,0,0.1,63,0.0,0.0,0.0,0.4,202,1,0,0.1,1.0,2024-01-21,7,12,0,0,0,0,21,0,38671,0,4,0,0.0,1,-3496,1648,5144,52,True,0,Philip Billing,76,0,0,0,0.0,3,LIV,1350,1390,BOU,1055,1145,2.82750775,13.25,0.8419397499999998,4.75,2.3855461875,12.875,1.20774128125,5.625,1.8815675,9.25,1.09485025,10.25,1.70080825,8.1875,1.6950524374999998,10.1875,2023,MID,
0,0,0,0,0.0,63,0.0,0.0,0.0,0.0,217,0,0,0.0,0.0,2024-02-01,0,19,0,0,0,0,22,0,36996,0,1,1,0.0,0,-1990,865,2855,52,False,0,Philip Billing,76,0,0,0,0.0,3,WHU,1055,1150,BOU,1130,1075,1.6297474999999997,3.5,2.071929,15.0,1.4726453125,4.375,1.777137125,10.125,1.5966637500000005,10.25,1.19997025,10.25,1.6210866875,8.5,1.5989018125,10.1875,2023,MID,
0,0,-8,0,2.8,63,0.0,0.02,0.0,0.07,222,0,0,0.0,0.0,2024-02-04,27,16,0,0,0,1,23,0,35957,0,1,1,0.0,-2,-1129,497,1626,52,True,0,Philip Billing,76,0,0,0,0.0,3,NFO,1125,1080,BOU,1055,1145,1.4264690000000002,5.5,1.69414625,14.0,1.280767125,5.3125,1.660542875,10.5,1.40771375,9.75,1.33021875,9.75,1.6091941875,8.25,1.5936536875,9.25,2023,MID,
0,0,0,0,0.0,63,0.0,0.0,0.0,0.0,233,0,0,0.0,0.0,2024-02-10,0,9,0,0,0,0,24,0,31460,0,1,3,0.0,0,-4468,199,4667,52,False,0,Philip Billing,76,0,0,0,0.0,3,FUL,1050,1060,BOU,1130,1075,1.47229675,7.0,1.8855375,7.25,1.42153,7.625,1.6619333125,7.8125,1.1853112500000005,8.5,1.3632645,9.0,1.5841729374999998,8.25,1.4881048125,9.125,2023,MID,
0,0,0,0,0.0,63,0.0,0.0,0.0,0.0,247,0,0,0.0,0.0,2024-02-17,0,15,0,0,0,0,25,0,28695,0,2,2,0.0,0,-2661,51,2712,52,False,0,Philip Billing,76,0,0,0,0.0,3,NEW,1050,1160,BOU,1130,1075,1.8609212500000003,8.0,1.91051875,13.0,2.017896875,9.3125,2.1079605,8.5,1.4412687500000003,10.0,1.2620970000000002,7.75,1.70677775,8.75,1.3425673125000002,8.6875,2023,MID,
0,0,0,0,0.0,63,0.0,0.0,0.0,0.0,253,0,0,0.0,0.0,2024-02-24,0,13,0,0,0,0,26,0,27327,0,1,0,0.0,0,-1420,51,1471,51,True,0,Philip Billing,76,0,0,0,0.0,3,MCI,1360,1370,BOU,1055,1145,2.2530875,17.5,0.8476605,3.5,2.402130625,13.9375,1.1360725,4.25,1.7528675000000002,8.25,1.4747995000000005,6.25,1.7754807499999998,8.125,1.2937816875,8.75,2023,MID,
0,0,4,0,0.3,63,0.0,0.0,0.0,0.17,262,0,0,0.1,0.4,2024-03-03,17,21,0,0,0,0,27,0,28045,0,2,0,0.0,1,486,953,467,51,False,0,Philip Billing,76,0,0,0,0.0,3,BUR,1050,1040,BOU,1130,1075,0.6316686499999999,2.75,2.2643175,11.25,1.0353672875,4.3125,1.88887175,9.875,1.70062225,9.0,1.5956895000000002,9.0,1.7696994375,8.3125,1.2620204375,8.625,2023,MID,
0,0,5,0,15.8,63,0.4699699878692627,0.26,0.0803775414824485,0.0,273,0,0,3.8,9.0,2024-03-09,16,23,0,0,0,0,28,0,30365,0,2,2,13.0,1,2134,2760,626,51,True,0,Philip Billing,76,2,1,0,0.0803775414824485,3,SHU,1020,1060,BOU,1055,1145,0.85619,3.5,2.20169,13.25,1.0785576875,5.0625,2.0066908125,9.625,1.7622872500000002,9.5,1.8827050000000003,9.75,1.7906769374999998,8.1875,1.3058991875,8.9375,2023,MID,
0,0,7,0,10.3,63,0.5037029981613159,0.06,0.0,0.0,162,0,0,1.5,2.6,2024-03-13,1,22,0,0,0,0,28,0,30365,0,3,4,2.0,1,2134,2760,626,51,True,0,Philip Billing,76,0,1,0,0.0,3,LUT,1060,1120,BOU,1055,1145,1.5118205000000002,5.25,3.15741,10.0,1.4440111875,4.6875,2.424061875,8.6875,2.09239975,8.0,1.925685,8.25,1.995892125,8.75,1.2757760625,7.9375,2023,MID,
0,0,2,0,0.7,63,0.0,0.0,0.0,0.71,292,1,0,0.3,2.6,2024-03-30,17,8,0,0,0,0,30,0,28624,0,1,2,0.0,1,-557,353,910,51,True,0,Philip Billing,76,0,0,0,0.0,3,EVE,1125,1080,BOU,1055,1145,1.9186712500000005,8.25,1.86739125,6.25,1.7591835625,6.625,1.6213998749999998,7.75,2.28316225,9.0,2.0281700000000003,6.25,1.999629,8.75,1.431279125,7.8125,2023,MID,
0,0,7,1,18.2,63,0.0713092908263206,0.46,0.3178357183933258,0.1,302,0,0,6.2,9.4,2024-04-02,63,7,0,0,0,0,31,0,28461,1,0,1,34.0,3,-194,381,575,51,True,0,Philip Billing,76,4,1,0,0.3178357183933258,3,CRY,1120,1085,BOU,1055,1145,1.71150225,5.5,1.1521209,5.5,1.2441030625,5.875,1.6642256625,7.75,2.39986,8.5,1.8125250000000004,5.75,1.890437125,8.6875,1.4386261875,8.0625,2023,MID,
0,0,7,0,10.2,63,0.273217499256134,0.0,0.0,0.82,316,2,0,2.0,9.8,2024-04-06,22,22,0,0,0,0,32,0,28213,0,1,2,0.0,1,-282,302,584,51,False,0,Philip Billing,76,0,1,0,0.0,3,LUT,1020,1090,BOU,1130,1075,1.085614,3.25,2.101445,12.25,1.5805491875,4.8125,2.297911875,9.0625,2.3682425,8.0,1.4549697500000005,5.0,1.812957125,8.3125,1.393581125,8.25,2023,MID,
0,0,0,0,0.0,63,0.0,0.0,0.0,0.0,322,0,0,0.0,0.0,2024-04-13,0,14,0,0,0,0,33,0,28123,0,2,2,0.0,0,-150,440,590,51,True,0,Philip Billing,76,0,0,0,0.0,3,MUN,1210,1230,BOU,1055,1145,1.5681335,6.75,3.22533,17.5,1.4918023125,7.375,2.106898625,11.5,1.540627,5.5,1.3017847500000004,6.25,1.73896575,8.1875,1.39610425,8.125,2023,MID,
0,0,4,0,10.5,63,0.0366200841963291,0.0,0.0,1.07,331,1,0,1.3,2.6,2024-04-21,14,2,0,0,0,0,34,0,29021,0,1,3,0.0,1,600,1215,615,51,False,0,Philip Billing,76,0,1,0,0.0,3,AVL,1140,1180,BOU,1130,1075,1.14037975,4.25,2.2125075,12.75,1.7661876875,8.625,1.8648824375,7.375,1.425917,6.75,0.9839222500000002,8.0,1.764652625,8.5625,1.4217155,7.6875,2023,MID,
0,0,0,0,0.0,63,0.0,0.0,0.0,0.0,290,0,0,0.0,0.0,2024-04-24,0,20,0,0,0,0,34,0,29021,0,1,0,0.0,0,600,1215,615,51,False,0,Philip Billing,76,0,0,0,0.0,3,WOL,1085,1115,BOU,1130,1075,1.103754,5.25,1.4228425,10.0,1.5077478125,6.3125,1.8235008125,10.625,1.5907744999999998,5.75,1.4071947500000002,10.0,1.774742625,8.25,1.536407,8.625,2023,MID,
0,0,0,0,0.0,63,0.0,0.0,0.0,0.0,342,0,0,0.0,0.0,2024-04-28,0,5,0,0,0,0,35,0,28057,0,0,3,0.0,0,-720,159,879,51,True,0,Philip Billing,76,0,0,0,0.0,3,BHA,1180,1240,BOU,1055,1145,0.778505,6.5,2.0864372500000004,9.25,1.461893625,8.6875,1.6452886875,8.75,1.8641295,7.75,1.4847110000000003,10.25,1.794992625,8.4375,1.5464125625,8.5,2023,MID,
0,0,2,0,0.4,63,0.0,0.0,0.0,0.56,351,1,0,0.1,0.2,2024-05-04,19,1,0,0,0,0,36,0,27793,0,0,3,0.0,1,-303,183,486,51,False,0,Philip Billing,76,0,0,0,0.0,3,ARS,1370,1330,BOU,1130,1075,2.1312725,15.5,1.32539375,4.75,2.289686375,15.75,0.744406125,3.4375,2.3304325,7.75,1.4977210000000003,10.25,1.851182,7.8125,1.4968219375,8.125,2023,MID,
0,0,0,0,0.0,63,0.0,0.0,0.0,0.0,362,0,0,0.0,0.0,2024-05-11,0,4,0,0,0,0,37,0,27590,0,2,1,0.0,0,-259,349,608,51,True,0,Philip Billing,76,0,0,0,0.0,3,BRE,1055,1150,BOU,1055,1145,1.65933625,8.0,1.00051925,6.25,1.4969264375,7.4375,1.752892,9.75,1.85131,5.5,2.095466,15.25,1.8283141875,7.375,1.6455894375,8.9375,2023,MID,
0,0,4,0,0.4,63,0.0,0.02,0.0154313938692212,0.38,375,0,0,0.2,0.4,2024-05-19,21,6,0,0,0,0,38,0,27365,0,1,2,1.0,1,-260,223,483,51,False,0,Philip Billing,76,1,0,0,0.0154313938692212,3,CHE,1080,1170,BOU,1130,1075,2.599345,9.75,1.48361475,8.5,2.2047531875,9.5,1.8329923125,9.125,1.606375,7.75,1.9205535,13.25,1.8244079375,7.75,1.6839906875,9.5,2023,MID,
0,0,1,0,0.0,76,0.0,0.0,0.0,0.26,6,0,0,0.4,2.0,2024-08-17,6,16,0,0,0,0,1,0,6497,0,1,1,2.0,1,0,0,0,50,False,0,Philip Billing,76,0,0,0,0.0,3,NFO,1140,1130,BOU,1140,1210,2.0341525000000003,6.25,1.72870575,8.5,1.6113240625,5.9375,1.3018199375,7.125,1.5060975,7.25,2.1988675,13.5,1.8751891875,8.125,1.7553133124999998,9.625,2024,MID,False
0,0,0,0,0.0,76,0.0,0.0,0.0,0.0,12,0,0,0.0,0.0,2024-08-25,0,15,0,0,0,0,2,0,6880,0,1,1,0.0,0,-693,275,968,50,True,0,Philip Billing,76,0,0,0,0.0,3,NEW,1150,1290,BOU,1080,1190,2.20303225,8.5,1.767255,9.0,2.14742075,9.5,1.488403,7.0625,1.363055,7.0,2.170675,14.25,1.8316285625,7.0625,1.7239664375,9.75,2024,MID,False
0,0,0,0,0.0,76,0.0,0.0,0.0,0.0,24,0,0,0.0,0.0,2024-08-31,0,8,0,0,0,0,3,0,5786,0,3,2,0.0,0,-1313,248,1561,49,False,0,Philip Billing,76,0,0,0,0.0,3,EVE,1130,1060,BOU,1140,1210,0.8858020000000002,5.25,2.01987075,8.5,1.2834806250000002,6.625,1.7673246875,8.25,1.8796625,8.25,1.6654625000000003,9.5,1.8600129375,7.375,1.6932551875,9.75,2024,MID,False
0,0,4,0,4.7,76,0.0,0.09,0.0,0.32,32,1,0,1.0,3.2,2024-09-14,15,6,0,0,0,0,4,0,5053,0,1,0,2.0,1,-857,440,1297,48,True,0,Philip Billing,76,0,0,0,0.0,3,CHE,1150,1360,BOU,1080,1190,1.91643,6.5,1.515047,8.5,2.3128511875,8.9375,1.6086724375,8.1875,2.35079,7.25,1.82273,10.5,1.986949875,7.3125,1.7407508125,9.875,2024,MID,False
0,0,0,0,0.0,76,0.0,0.0,0.0,0.0,46,0,0,0.0,0.0,2024-09-21,0,12,0,0,0,0,5,0,6082,0,0,3,0.0,0,714,1304,590,48,False,0,Philip Billing,76,0,0,0,0.0,3,LIV,1340,1360,BOU,1140,1210,2.48056,12.25,0.7225604999999997,3.5,2.669921875,15.5,1.092619,5.5625,2.2346175,6.0,1.656484,10.75,1.99327175,7.25,1.6987580625,9.875,2024,MID,False
0,0,0,0,0.0,76,0.0,0.0,0.0,0.0,52,0,0,0.0,0.0,2024-09-30,0,17,0,0,0,0,6,0,6147,0,1,3,0.0,0,-54,685,739,48,True,0,Philip Billing,76,0,0,0,0.0,3,SOU,1060,1090,BOU,1080,1190,1.5290355,7.0,2.8498725,11.5,1.284375,6.0,2.2465839375,11.1875,2.1247775,6.5,1.9547990000000004,11.5,1.839723,6.6875,1.7312449375,10.5625,2024,MID,False
0,0,0,0,0.0,76,0.0,0.0,0.0,0.0,68,0,0,0.0,0.0,2024-10-05,0,11,0,0,0,0,7,0,6117,0,0,1,0.0,0,-150,486,636,48,False,0,Philip Billing,76,0,0,0,0.0,3,LEI,1050,1090,BOU,1140,1210,1.0256125,5.5,3.2319575,12.0,1.4352100125000002,4.4375,2.08464825,9.75,1.8515325,6.25,1.6555985000000002,11.0,1.7521055,6.6875,1.6001123125,10.9375,2024,MID,False
0,0,0,0,0.0,76,0.0,0.0,0.0,0.0,71,0,0,0.0,0.0,2024-10-19,0,1,0,0,0,0,8,0,5817,0,0,2,0.0,0,-369,182,551,48,True,0,Philip Billing,76,0,0,0,0.0,3,ARS,1370,1350,BOU,1080,1190,2.9274275,9.75,1.2898785,7.5,2.491284375,13.75,1.0360570625,4.9375,1.5997199999999998,6.25,1.2445417500000002,7.75,1.786914875,6.75,1.598755,10.375,2024,MID,False
0,0,0,0,0.0,76,0.0,0.0,0.0,0.0,82,0,0,0.0,0.0,2024-10-26,0,2,0,0,0,0,9,0,5684,0,1,1,0.0,0,-172,94,266,48,False,0,Philip Billing,76,0,0,0,0.0,3,AVL,1080,1140,BOU,1140,1210,1.37180225,8.0,1.3613684999999998,3.5,1.54340603125,7.0625,1.8038826875,6.9375,1.76144,6.75,1.1965497500000004,6.5,1.841571125,6.9375,1.6341530625,10.25,2024,MID,False
0,0,0,0,0.0,76,0.0,0.0,0.0,0.0,91,0,0,0.0,0.0,2024-11-02,0,13,0,0,0,0,10,0,5682,0,1,2,0.0,0,-60,324,384,48,True,0,Philip Billing,76,0,0,0,0.0,3,MCI,1230,1350,BOU,1080,1190,1.7901375000000002,15.25,1.3082765,6.0,2.4435176875,15.0625,1.01125140625,3.9375,1.47615525,6.75,1.0807222500000002,7.25,1.8236050625,7.0,1.6759793125,10.8125,2024,MID,False
0,0,0,0,0.0,76,0.0,0.0,0.0,0.0,101,0,0,0.0,0.0,2024-11-09,0,4,0,0,0,0,11,0,5437,0,2,3,0.0,0,-286,139,425,48,False,0,Philip Billing,76,0,0,0,0.0,3,BRE,1070,1090,BOU,1140,1210,2.4659585,5.75,1.3872384999999996,10.25,1.7590865625,6.6875,1.6320955,11.1875,1.72794275,6.5,1.4948802500000002,9.75,1.8276119375,6.625,1.7278518125,11.375,2024,MID,False
0,0,0,0,0.0,76,0.0,0.0,0.0,0.0,113,0,0,0.0,0.0,2024-11-23,0,5,0,0,0,0,12,0,5386,0,2,1,0.0,0,-119,167,286,48,True,0,Philip Billing,76,0,0,0,0.0,3,BHA,1100,1200,BOU,1080,1190,1.7695525,7.0,1.865255,7.75,1.783539375,7.1875,1.62231334375,6.8125,1.86362025,6.25,1.6580495000000002,12.75,1.8551263125,6.875,1.6614686875,11.0625,2024,MID,False
0,0,3,0,0.4,76,0.0,0.04,0.0,0.02,130,0,0,0.7,6.4,2024-11-30,13,20,0,0,0,0,13,0,5287,0,4,2,0.0,1,-131,92,223,48,False,0,Philip Billing,76,0,0,0,0.0,3,WOL,1070,1100,BOU,1140,1210,1.25318275,6.0,1.4179432499999998,6.5,1.05717825,4.3125,2.2386733125,10.9375,1.79546525,7.25,1.7805075,13.0,1.8244050625,6.8125,1.7081021875,10.9375,2024,MID,False
0,0,8,0,20.8,76,0.1697482615709304,0.33,0.0,0.04,133,0,0,3.0,7.6,2024-12-05,5,18,0,0,0,0,14,0,5205,0,0,1,2.0,1,-111,110,221,48,True,0,Philip Billing,76,0,2,0,0.0,3,TOT,1140,1350,BOU,1080,1190,2.040935,9.0,2.100785,7.5,2.2190659375,11.0,1.40255075,5.1875,2.483055,6.75,1.503516,11.0,1.8617606875,6.75,1.6774280625000002,11.0,2024,MID,False
0,0,11,0,21.9,76,0.7662978768348694,0.43,0.0294163301587104,0.19,146,0,0,3.5,10.4,2024-12-08,16,10,0,0,0,0,15,0,5212,0,2,1,3.0,1,-29,152,181,48,False,0,Philip Billing,76,1,2,0,0.0294163301587104,3,IPS,1070,1080,BOU,1140,1210,1.27638475,4.25,1.6100224999999997,6.0,1.1570978571428572,3.7857142857142856,2.3481042857142858,8.142857142857142,2.69002,7.75,1.0713245000000002,9.5,2.0372894375,7.1875,1.4718164375,9.9375,2024,MID,False
0,0,5,0,20.5,76,0.1259806752204895,0.34,0.1103836745023727,0.93,152,1,0,3.3,5.4,2024-12-16,10,19,0,0,0,0,16,0,5245,0,1,1,7.0,1,-30,190,220,48,True,0,Philip Billing,76,1,2,0,0.1103836745023727,3,WHU,1070,1130,BOU,1080,1190,1.5633634999999997,7.25,2.4383600000000003,5.5,1.4750804375000002,6.3125,2.0892859375,8.5625,2.9397525,9.25,1.0718395000000005,9.0,2.1884706875,7.25,1.4492901875000002,10.0,2024,MID,False
0,0,5,0,10.9,76,0.0630915686488151,0.01,0.0,0.67,168,0,0,1.8,7.0,2024-12-22,12,14,0,0,0,0,17,0,5172,0,3,0,0.0,1,-96,106,202,48,False,0,Philip Billing,76,0,1,0,0.0,3,MUN,1140,1110,BOU,1140,1210,1.3835032499999995,5.75,1.2557272499999996,4.75,1.6154950625,6.875,1.6345904375,6.25,2.973965,9.0,1.2187595000000002,9.25,2.1913719375,7.25,1.4630751875,9.875,2024,MID,False
0,0,1,0,4.4,76,0.0,0.02,0.0216775387525558,0.05,172,0,0,1.1,0.2,2024-12-26,19,7,0,0,0,0,18,0,5173,0,0,0,6.0,1,-45,204,249,48,True,0,Philip Billing,76,1,0,0,0.0216775387525558,3,CRY,1140,1110,BOU,1080,1190,1.87009,5.25,1.6084695,8.25,1.6211538124999998,5.9375,1.7503010625,7.5,2.66129,8.75,1.5735835000000002,10.75,2.1863194375,7.1875,1.5281551875,10.125,2024,MID,False
0,0,12,0,18.8,76,0.2767725586891174,0.26,0.1956035941839218,0.81,185,2,0,5.6,11.8,2024-12-29,72,9,0,0,0,0,19,0,5321,1,2,2,25.0,1,105,319,214,48,False,1,Philip Billing,76,2,1,0,0.1956035941839218,3,FUL,1140,1110,BOU,1140,1210,1.1172570000000004,4.5,1.59164275,7.25,1.6697331249999998,6.0,1.2065553125,5.8125,2.1424725,8.75,1.5426165000000005,10.0,2.1029919375,7.3125,1.4411049375,10.0625,2024,MID,False
0,0,2,0,0.0,76,0.0,0.0,0.0,0.06,192,0,0,0.0,0.0,2025-01-04,8,8,0,0,0,0,20,0,5337,0,0,1,0.0,1,-54,295,349,48,True,0,Philip Billing,76,0,0,0,0.0,3,EVE,1150,1100,BOU,1080,1190,0.617864,2.75,1.842935,9.75,1.1569403125,5.5625,1.6265749374999998,7.5625,1.6963849999999998,8.25,1.3913080000000002,8.25,2.0248694375,7.5,1.3414346875,9.4375,2024,MID,False
0,0,0,0,0.0,76,0.0,0.0,0.0,0.0,208,0,0,0.0,0.0,2025-01-14,0,6,0,0,0,0,21,0,5361,0,2,2,0.0,0,-36,247,283,48,False,0,Philip Billing,76,0,0,0,0.0,3,CHE,1150,1360,BOU,1140,1210,1.5484500000000003,10.5,1.4069075000000002,3.5,2.231195625,10.1875,1.6259398125,5.5,1.83891,9.25,1.0769942500000005,7.0,2.0924450625,8.0625,1.31820275,8.9375,2024,MID,False
